0,0,-25.78,68.75,11.46,20.05,0
2,0,-25.78,68.75,11.46,20.05,0
4,0,-25.78,68.75,11.46,20.05,0
6,0,-25.78,68.75,11.46,20.05,0
8,0,-25.78,68.75,11.46,20.05,0
10,0,-25.78,68.75,11.46,20.05,0
12,0,-25.78,68.75,11.46,20.05,0
14,0,-25.78,68.75,11.46,20.05,0
16,0,-25.78,68.75,11.46,20.05,0
18,0,-25.78,68.75,11.46,20.05,0
20,0,-25.78,68.75,11.46,20.05,0
22,0,-25.78,68.75,11.46,20.05,0
24,0,-25.78,68.75,11.46,20.05,0
26,0,-25.78,68.75,11.46,20.05,0
28,0,-25.78,68.75,11.46,20.05,0
30,0,-25.78,68.75,11.46,20.05,0
32,0,-25.78,68.75,11.46,20.05,0
34,0,-25.78,68.75,11.46,20.05,0
36,0,-25.78,68.75,11.46,20.05,0
38,0,-25.78,68.75,11.46,20.05,0
40,0,-25.78,68.75,11.46,20.05,0
42,0,-25.78,68.75,11.46,20.05,0
44,0,-25.78,68.75,11.46,20.05,0
46,0,-25.78,68.75,11.46,20.05,0
48,0,-25.78,68.75,11.46,20.05,0
50,0,-25.78,68.75,11.46,20.05,0
52,0,-25.78,68.75,11.46,20.05,0
54,0,-25.78,68.75,11.46,20.05,0
56,0,-25.78,68.75,11.46,20.05,0
58,0,-25.78,68.75,11.46,20.05,0
60,0,-25.78,68.75,11.46,20.05,0
62,0,-25.78,68.75,11.46,20.05,0
64,0,-25.78,68.75,11.46,20.05,0
66,0,-25.78,68.75,11.46,20.05,0
68,0,-25.78,68.75,11.46,20.05,0
70,0,-25.78,68.75,11.46,20.05,0
72,0,-25.78,68.75,11.46,20.05,0
74,0,-25.78,68.75,11.46,20.05,0
76,0,-25.78,68.75,11.46,20.05,0
78,0,-25.78,68.75,11.46,20.05,0
80,0,-25.78,68.75,11.46,20.05,0
82,0,-25.78,68.75,11.46,20.05,0
84,0,-25.78,68.75,11.46,20.05,0
86,0,-25.78,68.75,11.46,20.05,0
88,0,-25.78,68.75,11.46,20.05,0
90,0,-25.78,68.75,11.46,20.05,0
92,0,-25.78,68.75,11.46,20.05,0
94,0,-25.78,68.75,11.46,20.05,0
96,0,-25.78,68.75,11.46,20.05,0
98,0,-25.78,68.75,11.46,20.05,0
100,0,-25.78,68.75,11.46,20.05,0
102,0,-25.78,68.75,11.46,20.05,0
104,0,-25.78,68.75,11.46,20.05,0
106,0,-25.78,68.75,11.46,20.05,0
108,0,-25.78,68.75,11.46,20.05,0
110,0,-25.78,68.75,11.46,20.05,0
112,0,-25.78,68.75,11.46,20.05,0
114,0,-25.78,68.75,11.46,20.05,0
116,0,-25.78,68.75,11.46,20.05,0
118,0,-25.78,68.75,11.46,20.05,0
120,0,-25.78,68.75,11.46,20.05,0
122,0,-25.78,68.75,11.46,20.05,0
124,0,-25.78,68.75,11.46,20.05,0
126,0,-25.78,68.75,11.46,20.05,0
128,0,-25.78,68.75,11.46,20.05,0
130,0,-25.78,68.75,11.46,20.05,0
132,0,-25.78,68.75,11.46,20.05,0
134,0,-25.78,68.75,11.46,20.05,0
136,0,-25.78,68.75,11.46,20.05,0
138,0,-25.78,68.75,11.46,20.05,0
140,0,-25.78,68.75,11.46,20.05,0
142,0,-25.78,68.75,11.46,20.05,0
144,0,-25.78,68.75,11.46,20.05,0
146,0,-25.78,68.75,11.46,20.05,0
148,0,-25.78,68.75,11.46,20.05,0
150,0,-25.78,68.75,11.46,20.05,0
152,0,-25.78,68.75,11.46,20.05,0
154,0,-25.78,68.75,11.46,20.05,0
156,0,-25.78,68.75,11.46,20.05,0
158,0,-25.78,68.75,11.46,20.05,0
160,0,-25.78,68.75,11.46,20.05,0
162,0,-25.78,68.75,11.46,20.05,0
164,0,-25.78,68.75,11.46,20.05,0
166,0,-25.78,68.75,11.46,20.05,0
168,0,-25.78,68.75,11.46,20.05,0
170,0,-25.78,68.75,11.46,20.05,0
172,0,-25.78,68.75,11.46,20.05,0
174,0,-25.78,68.75,11.46,20.05,0
176,0,-25.78,68.75,11.46,20.05,0
178,0,-25.78,68.75,11.46,20.05,0
180,0,-25.78,68.75,11.46,20.05,0
182,0,-25.78,68.75,11.46,20.05,0
184,0,-25.78,68.75,11.46,20.05,0
186,0,-25.78,68.75,11.46,20.05,0
188,0,-25.78,68.75,11.46,20.05,0
190,0,-25.78,68.75,11.46,20.05,0
192,0,-25.78,68.75,11.46,20.05,0
194,0,-25.78,68.75,11.46,20.05,0
196,0,-25.78,68.75,11.46,20.05,0
198,0,-25.78,68.75,11.46,20.05,0
200,0,-25.78,68.75,11.46,20.05,0
202,0,-25.78,68.75,11.46,20.05,0
204,0,-25.78,68.75,11.46,20.05,0
206,0,-25.78,68.75,11.46,20.05,0
208,0,-25.78,68.75,11.46,20.05,0
210,0,-25.78,68.75,11.46,20.05,0
212,0,-25.78,68.75,11.46,20.05,0
214,0,-25.78,68.75,11.46,20.05,0
216,0,-25.78,68.75,11.46,20.05,0
218,0,-25.78,68.75,11.46,20.05,0
220,0,-25.78,68.75,11.46,20.05,0
222,0,-25.78,68.75,11.46,20.05,0
224,0,-25.78,68.75,11.46,20.05,0
226,0,-25.78,68.75,11.46,20.05,0
228,0,-25.78,68.75,11.46,20.05,0
230,0,-25.78,68.75,11.46,20.05,0
232,0,-25.78,68.75,11.46,20.05,0
234,0,-25.78,68.75,11.46,20.05,0
236,0,-25.78,68.75,11.46,20.05,0
238,0,-25.78,68.75,11.46,20.05,0
240,0,-25.78,68.75,11.46,20.05,0
242,0,-25.78,68.75,11.46,20.05,0
244,0,-25.78,68.75,11.46,20.05,0
246,0,-25.78,68.75,11.46,20.05,0
248,0,-25.78,68.75,11.46,20.05,0
250,0,-25.78,68.75,11.46,20.05,0
252,0,-25.78,68.75,11.46,20.05,0
254,0,-25.78,68.75,11.46,20.05,0
256,0,-25.78,68.75,11.46,20.05,0
258,0,-25.78,68.75,11.46,20.05,0
260,0,-25.78,68.75,11.46,20.05,0
262,0,-25.78,68.75,11.46,20.05,0
264,0,-25.78,68.75,11.46,20.05,0
266,0,-25.78,68.75,11.46,20.05,0
268,0,-25.78,68.75,11.46,20.05,0
270,0,-25.78,68.75,11.46,20.05,0
272,0,-25.78,68.75,11.46,20.05,0
274,0,-25.78,68.75,11.46,20.05,0
276,0,-25.78,68.75,11.46,20.05,0
278,0,-25.78,68.75,11.46,20.05,0
280,0,-25.78,68.75,11.46,20.05,0
282,0,-25.78,68.75,11.46,20.05,0
284,0,-25.78,68.75,11.46,20.05,0
286,0,-25.78,68.75,11.46,20.05,0
288,0,-25.78,68.75,11.46,20.05,0
290,0,-25.78,68.75,11.46,20.05,0
292,0,-25.78,68.75,11.46,20.05,0
294,0,-25.78,68.75,11.46,20.05,0
296,0,-25.78,68.75,11.46,20.05,0
298,0,-25.78,68.75,11.46,20.05,0
300,0,-25.78,68.75,11.46,20.05,0
302,0,-25.78,68.75,11.46,20.05,0
304,0,-25.78,68.75,11.46,20.05,0
306,0,-25.78,68.75,11.46,20.05,0
308,0,-25.78,68.75,11.46,20.05,0
310,0,-25.78,68.75,11.46,20.05,0
312,0,-25.78,68.75,11.46,20.05,0
314,0,-25.78,68.75,11.46,20.05,0
316,0,-25.78,68.75,11.46,20.05,0
318,0,-25.78,68.75,11.46,20.05,0
320,0,-25.78,68.75,11.46,20.05,0
322,0,-25.78,68.75,11.46,20.05,0
324,0,-25.78,68.75,11.46,20.05,0
326,0,-25.78,68.75,11.46,20.05,0
328,0,-25.78,68.75,11.46,20.05,0
330,0,-25.78,68.75,11.46,20.05,0
332,0,-25.78,68.75,11.46,20.05,0
334,0,-25.78,68.75,11.46,20.05,0
336,0,-25.78,68.75,11.46,20.05,0
338,0,-25.78,68.75,11.46,20.05,0
340,0,-25.78,68.75,11.46,20.05,0
342,0,-25.78,68.75,11.46,20.05,0
344,0,-25.78,68.75,11.46,20.05,0
346,0,-25.78,68.75,11.46,20.05,0
348,0,-25.78,68.75,11.46,20.05,0
350,0,-25.78,68.75,11.46,20.05,0
352,0,-25.78,68.75,11.46,20.05,0
354,0,-25.78,68.75,11.46,20.05,0
356,0,-25.78,68.75,11.46,20.05,0
358,0,-25.78,68.75,11.46,20.05,0
360,0,-25.78,68.75,11.46,20.05,0
362,0,-25.78,68.75,11.46,20.05,0
364,0,-25.78,68.75,11.46,20.05,0
366,0,-25.78,68.75,11.46,20.05,0
368,0,-25.78,68.75,11.46,20.05,0
370,0,-25.78,68.75,11.46,20.05,0
372,0,-25.78,68.75,11.46,20.05,0
374,0,-25.78,68.75,11.46,20.05,0
376,0,-25.78,68.75,11.46,20.05,0
378,0,-25.78,68.75,11.46,20.05,0
380,0,-25.78,68.75,11.46,20.05,0
382,0,-25.78,68.75,11.46,20.05,0
384,0,-25.78,68.75,11.46,20.05,0
386,0,-25.78,68.75,11.46,20.05,0
388,0,-25.78,68.75,11.46,20.05,0
390,0,-25.78,68.75,11.46,20.05,0
392,0,-25.78,68.75,11.46,20.05,0
394,0,-25.78,68.75,11.46,20.05,0
396,0,-25.78,68.75,11.46,20.05,0
398,0,-25.78,68.75,11.46,20.05,0
400,0,-25.78,68.75,11.46,20.05,0
402,0,-25.78,68.75,11.46,20.05,0
404,0,-25.78,68.75,11.46,20.05,0
406,0,-25.78,68.75,11.46,20.05,0
408,0,-25.78,68.75,11.46,20.05,0
410,0,-25.78,68.75,11.46,20.05,0
412,0,-25.78,68.75,11.46,20.05,0
414,0,-25.78,68.75,11.46,20.05,0
416,0,-25.78,68.75,11.46,20.05,0
418,0,-25.78,68.75,11.46,20.05,0
420,0,-25.78,68.75,11.46,20.05,0
422,0,-25.78,68.75,11.46,20.05,0
424,0,-25.78,68.75,11.46,20.05,0
426,0,-25.78,68.75,11.46,20.05,0
428,0,-25.78,68.75,11.46,20.05,0
430,0,-25.78,68.75,11.46,20.05,0
432,0,-25.78,68.75,11.46,20.05,0
434,0,-25.78,68.75,11.46,20.05,0
436,0,-25.78,68.75,11.46,20.05,0
438,0,-25.78,68.75,11.46,20.05,0
440,0,-25.78,68.75,11.46,20.05,0
442,0,-25.78,68.75,11.46,20.05,0
444,0,-25.78,68.75,11.46,20.05,0
446,0,-25.78,68.75,11.46,20.05,0
448,0,-25.78,68.75,11.46,20.05,0
450,0,-25.78,68.75,11.46,20.05,0
452,0,-25.78,68.75,11.46,20.05,0
454,0,-25.78,68.75,11.46,20.05,0
456,0,-25.78,68.75,11.46,20.05,0
458,0,-25.78,68.75,11.46,20.05,0
460,0,-25.78,68.75,11.46,20.05,0
462,0,-25.78,68.75,11.46,20.05,0
464,0,-25.78,68.75,11.46,20.05,0
466,0,-25.78,68.75,11.46,20.05,0
468,0,-25.78,68.75,11.46,20.05,0
470,0,-25.78,68.75,11.46,20.05,0
472,0,-25.78,68.75,11.46,20.05,0
474,0,-25.78,68.75,11.46,20.05,0
476,0,-25.78,68.75,11.46,20.05,0
478,0,-25.78,68.75,11.46,20.05,0
480,0,-25.78,68.75,11.46,20.05,0
482,0,-25.78,68.75,11.46,20.05,0
484,0,-25.78,68.75,11.46,20.05,0
486,0,-25.78,68.75,11.46,20.05,0
488,0,-25.78,68.75,11.46,20.05,0
490,0,-25.78,68.75,11.46,20.05,0
492,0,-25.78,68.75,11.46,20.05,0
494,0,-25.78,68.75,11.46,20.05,0
496,0,-25.78,68.75,11.46,20.05,0
498,0,-25.78,68.75,11.46,20.05,0
500,0,-25.78,68.75,11.46,20.05,0
502,0,-25.78,68.75,11.46,20.05,0
504,0,-25.78,68.75,11.46,20.05,0
506,0,-25.78,68.75,11.46,20.05,0
508,0,-25.78,68.75,11.46,20.05,0
510,0,-25.78,68.75,11.46,20.05,0
512,0,-25.78,68.75,11.46,20.05,0
514,0,-25.78,68.75,11.46,20.05,0
516,0,-25.78,68.75,11.46,20.05,0
518,0,-25.78,68.75,11.46,20.05,0
520,0,-25.78,68.75,11.46,20.05,0
522,0,-25.78,68.75,11.46,20.05,0
524,0,-25.78,68.75,11.46,20.05,0
526,0,-25.78,68.75,11.46,20.05,0
528,0,-25.78,68.75,11.46,20.05,0
530,0,-25.78,68.75,11.46,20.05,0
532,0,-25.78,68.75,11.46,20.05,0
534,0,-25.78,68.75,11.46,20.05,0
536,0,-25.78,68.75,11.46,20.05,0
538,0,-25.78,68.75,11.46,20.05,0
540,0,-25.78,68.75,11.46,20.05,0
542,0,-25.78,68.75,11.46,20.05,0
544,0,-25.78,68.75,11.46,20.05,0
546,0,-25.78,68.75,11.46,20.05,0
548,0,-25.78,68.75,11.46,20.05,0
550,0,-25.78,68.75,11.46,20.05,0
552,0,-25.78,68.75,11.46,20.05,0
554,0,-25.78,68.75,11.46,20.05,0
556,0,-25.78,68.75,11.46,20.05,0
558,0,-25.78,68.75,11.46,20.05,0
560,0,-25.78,68.75,11.46,20.05,0
562,0,-25.78,68.75,11.46,20.05,0
564,0,-25.78,68.75,11.46,20.05,0
566,0,-25.78,68.75,11.46,20.05,0
568,0,-25.78,68.75,11.46,20.05,0
570,0,-25.78,68.75,11.46,20.05,0
572,0,-25.78,68.75,11.46,20.05,0
574,0,-25.78,68.75,11.46,20.05,0
576,0,-25.78,68.75,11.46,20.05,0
578,0,-25.78,68.75,11.46,20.05,0
580,0,-25.78,68.75,11.46,20.05,0
582,0,-25.78,68.75,11.46,20.05,0
584,0,-25.78,68.75,11.46,20.05,0
586,0,-25.78,68.75,11.46,20.05,0
588,0,-25.78,68.75,11.46,20.05,0
590,0,-25.78,68.75,11.46,20.05,0
592,0,-25.78,68.75,11.46,20.05,0
594,0,-25.78,68.75,11.46,20.05,0
596,0,-25.78,68.75,11.46,20.05,0
598,0,-25.78,68.75,11.46,20.05,0
600,0,-25.78,68.75,11.46,20.05,0
602,0,-25.78,68.75,11.46,20.05,0
604,0,-25.78,68.75,11.46,20.05,0
606,0,-25.78,68.75,11.46,20.05,0
608,0,-25.78,68.75,11.46,20.05,0
610,0,-25.78,68.75,11.46,20.05,0
612,0,-25.78,68.75,11.46,20.05,0
614,0,-25.78,68.75,11.46,20.05,0
616,0,-25.78,68.75,11.46,20.05,0
618,0,-25.78,68.75,11.46,20.05,0
620,0,-25.78,68.75,11.46,20.05,0
622,0,-25.78,68.75,11.46,20.05,0
624,0,-25.78,68.75,11.46,20.05,0
626,0,-25.78,68.75,11.46,20.05,0
628,0,-25.78,68.75,11.46,20.05,0
630,0,-25.78,68.75,11.46,20.05,0
632,0,-25.78,68.75,11.46,20.05,0
634,0,-25.78,68.75,11.46,20.05,0
636,0,-25.78,68.75,11.46,20.05,0
638,0,-25.78,68.75,11.46,20.05,0
640,0,-25.78,68.75,11.46,20.05,0
642,0,-25.78,68.75,11.46,20.05,0
644,0,-25.78,68.75,11.46,20.05,0
646,0,-25.78,68.75,11.46,20.05,0
648,0,-25.78,68.75,11.46,20.05,0
650,0,-25.78,68.75,11.46,20.05,0
652,0,-25.78,68.75,11.46,20.05,0
654,0,-25.78,68.75,11.46,20.05,0
656,0,-25.78,68.75,11.46,20.05,0
658,0,-25.78,68.75,11.46,20.05,0
660,0,-25.78,68.75,11.46,20.05,0
662,0,-25.78,68.75,11.46,20.05,0
664,0,-25.78,68.75,11.46,20.05,0
666,0,-25.78,68.75,11.46,20.05,0
668,0,-25.78,68.75,11.46,20.05,0
670,0,-25.78,68.75,11.46,20.05,0
672,0,-25.78,68.75,11.46,20.05,0
674,0,-25.78,68.75,11.46,20.05,0
676,0,-25.78,68.75,11.46,20.05,0
678,0,-25.78,68.75,11.46,20.05,0
680,0,-25.78,68.75,11.46,20.05,0
682,0,-25.78,68.75,11.46,20.05,0
684,0,-25.78,68.75,11.46,20.05,0
686,0,-25.78,68.75,11.46,20.05,0
688,0,-25.78,68.75,11.46,20.05,0
690,0,-25.78,68.75,11.46,20.05,0
692,0,-25.78,68.75,11.46,20.05,0
694,0,-25.78,68.75,11.46,20.05,0
696,0,-25.78,68.75,11.46,20.05,0
698,0,-25.78,68.75,11.46,20.05,0
700,0,-25.78,68.75,11.46,20.05,0
702,0,-25.78,68.75,11.46,20.05,0
704,0,-25.78,68.75,11.46,20.05,0
706,0,-25.78,68.75,11.46,20.05,0
708,0,-25.78,68.75,11.46,20.05,0
710,0,-25.78,68.75,11.46,20.05,0
712,0,-25.78,68.75,11.46,20.05,0
714,0,-25.78,68.75,11.46,20.05,0
716,0,-25.78,68.75,11.46,20.05,0
718,0,-25.78,68.75,11.46,20.05,0
720,0,-25.78,68.75,11.46,20.05,0
722,0,-25.78,68.75,11.46,20.05,0
724,0,-25.78,68.75,11.46,20.05,0
726,0,-25.78,68.75,11.46,20.05,0
728,0,-25.78,68.75,11.46,20.05,0
730,0,-25.78,68.75,11.46,20.05,0
732,0,-25.78,68.75,11.46,20.05,0
734,0,-25.78,68.75,11.46,20.05,0
736,0,-25.78,68.75,11.46,20.05,0
738,0,-25.78,68.75,11.46,20.05,0
740,0,-25.78,68.75,11.46,20.05,0
742,0,-25.78,68.75,11.46,20.05,0
744,0,-25.78,68.75,11.46,20.05,0
746,0,-25.78,68.75,11.46,20.05,0
748,0,-25.78,68.75,11.46,20.05,0
750,0,-25.78,68.75,11.46,20.05,0
752,0,-25.78,68.75,11.46,20.05,0
754,0,-25.78,68.75,11.46,20.05,0
756,0,-25.78,68.75,11.46,20.05,0
758,0,-25.78,68.75,11.46,20.05,0
760,0,-25.78,68.75,11.46,20.05,0
762,0,-25.78,68.75,11.46,20.05,0
764,0,-25.78,68.75,11.46,20.05,0
766,0,-25.78,68.75,11.46,20.05,0
768,0,-25.78,68.75,11.46,20.05,0
770,0,-25.78,68.75,11.46,20.05,0
772,0,-25.78,68.75,11.46,20.05,0
774,0,-25.78,68.75,11.46,20.05,0
776,0,-25.78,68.75,11.46,20.05,0
778,0,-25.78,68.75,11.46,20.05,0
780,0,-25.78,68.75,11.46,20.05,0
782,0,-25.78,68.75,11.46,20.05,0
784,0,-25.78,68.75,11.46,20.05,0
786,0,-25.78,68.75,11.46,20.05,0
788,0,-25.78,68.75,11.46,20.05,0
790,0,-25.78,68.75,11.46,20.05,0
792,0,-25.78,68.75,11.46,20.05,0
794,0,-25.78,68.75,11.46,20.05,0
796,0,-25.78,68.75,11.46,20.05,0
798,0,-25.78,68.75,11.46,20.05,0
800,0,-25.78,68.75,11.46,20.05,0
802,0,-25.78,68.75,11.46,20.05,0
804,0,-25.78,68.75,11.46,20.05,0
806,0,-25.78,68.75,11.46,20.05,0
808,0,-25.78,68.75,11.46,20.05,0
810,0,-25.78,68.75,11.46,20.05,0
812,-14.971949800531917,-25.78,68.75,11.46,20.05,0
814,-29.51067985372339,-25.78,68.75,11.46,20.05,0
816,-33.383477393617,-25.78,68.75,11.46,20.05,0
818,-35.22076545877661,-25.78,68.75,11.46,20.05,0
820,-35.22076545877661,-25.78,68.75,11.46,20.05,0
822,-41.64301446143617,-25.78,68.75,11.46,20.05,0
824,-41.64301446143617,-25.78,68.75,11.46,20.05,0
826,-49.94493849734042,-25.78,68.75,11.46,20.05,0
828,-52.498129986702125,-25.78,68.75,11.46,20.05,0
830,-54.81975149601064,-25.78,68.75,11.46,20.05,0
832,-54.81975149601064,-25.78,68.75,11.46,20.05,0
834,-58.107546542553195,-25.78,68.75,11.46,20.05,0
836,-68.3203125,-25.78,68.75,11.46,20.05,0
838,-72.84699135638297,-25.78,68.75,11.46,20.05,0
840,-72.84699135638297,-25.78,68.75,11.46,20.05,0
842,-72.84699135638297,-25.78,68.75,11.46,20.05,0
844,-81.7834732380319,-25.78,68.75,11.46,20.05,0
846,-91.75438414228724,-25.78,68.75,11.46,20.05,0
848,-98.83518949468085,-25.78,68.75,11.46,20.05,0
850,-110.9254488031915,-25.78,68.75,11.46,20.05,0
852,-117.53220578457447,-25.78,68.75,11.46,20.05,0
854,-135.27613863031914,-25.78,68.75,11.46,20.05,0
856,-160.67684092420214,-25.78,68.75,11.46,20.05,0
858,-180,-25.78,68.75,11.46,20.05,0
860,-180,-25.78,68.75,11.46,20.05,0
862,-180,-25.78,68.75,11.46,20.05,0
864,-180,-25.78,68.75,11.46,20.05,0
866,-180,-25.78,68.75,11.46,20.05,0
868,-180,-25.78,68.75,11.46,20.05,0
870,-180,-25.78,68.75,11.46,20.05,0
872,-180,-25.78,68.75,11.46,20.05,0
874,-180,-25.78,68.75,11.46,20.05,0
876,-180,-25.78,68.75,11.46,20.05,0
878,-180,-25.78,68.75,11.46,20.05,0
880,-180,-25.78,68.75,11.46,20.05,0
882,-180,-25.78,68.75,11.46,20.05,0
884,-180,-25.78,68.75,11.46,20.05,0
886,-180,-25.78,68.75,11.46,20.05,0
888,-180,-25.78,68.75,11.46,20.05,0
890,-180,-25.78,68.75,11.46,20.05,0
892,-180,-25.78,68.75,11.46,20.05,0
894,-180,-25.78,68.75,11.46,20.05,0
896,-180,-25.78,68.75,11.46,20.05,0
898,-180,-25.78,68.75,11.46,20.05,0
900,-180,-25.78,68.75,11.46,20.05,0
902,-180,-25.78,68.75,11.46,20.05,0
904,-180,-25.78,68.75,11.46,20.05,0
906,-180,-25.78,68.75,11.46,20.05,0
908,-180,-25.78,68.75,11.46,20.05,0
910,-180,-25.78,68.75,11.46,20.05,0
912,-180,-25.78,68.75,11.46,20.05,0
914,-180,-25.78,68.75,11.46,20.05,0
916,-180,-25.78,68.75,11.46,20.05,0
918,-180,-25.78,68.75,11.46,20.05,0
920,-180,-25.78,68.75,11.46,20.05,0
922,-180,-25.78,68.75,11.46,20.05,0
924,-180,-25.78,68.75,11.46,20.05,0
926,-180,-25.78,68.75,11.46,20.05,0
928,-180,-25.78,68.75,11.46,20.05,0
930,-180,-25.78,68.75,11.46,20.05,0
932,-180,-25.78,68.75,11.46,20.05,0
934,-180,-25.78,68.75,11.46,20.05,0
936,-180,-25.78,68.75,11.46,20.05,0
938,-180,-25.78,68.75,11.46,20.05,0
940,-180,-25.78,68.75,11.46,20.05,0
942,-180,-22.464625581781917,68.75,11.46,20.05,0
944,-180,-19.413075548537236,68.75,11.46,20.05,0
946,-180,-19.413075548537236,68.75,11.46,20.05,0
948,-180,-19.413075548537236,68.75,11.46,20.05,0
950,-180,-19.413075548537236,68.75,11.46,20.05,0
952,-180,-19.413075548537236,68.75,11.46,20.05,0
954,-180,-18.05606923204786,68.75,11.46,20.05,0
956,-180,-18.05606923204786,68.75,11.46,20.05,0
958,-180,-16.25664893617021,68.75,11.46,20.05,0
960,-180,-13.813944065824472,68.75,11.46,20.05,0
962,-180,-12.931609458111694,68.75,11.46,20.05,0
964,-180,-12.223341921542556,68.75,11.46,20.05,0
966,-180,-11.389471825132972,68.75,11.46,20.05,0
968,-180,-11.389471825132972,68.75,11.46,20.05,0
970,-180,-11.389471825132972,68.75,11.46,20.05,0
972,-180,-11.389471825132972,68.75,11.46,20.05,0
974,-180,-9.614829205452125,68.75,11.46,20.05,0
976,-180,-6.098736702127667,68.75,11.46,20.05,0
978,-180,-1.0228972739361666,68.75,11.46,20.05,0
980,-180,-1.0228972739361666,68.75,11.46,20.05,0
982,-180,8.88692652925532,68.75,11.46,20.05,0
984,-180,11.440118018617028,68.75,11.46,20.05,0
986,-180,13.712495844414889,68.75,11.46,20.05,0
988,-180,22.64866605718086,68.75,11.46,20.05,0
990,-180,30.27629446476064,68.75,11.46,20.05,0
992,-180,32.79644905252658,68.75,11.46,20.05,0
994,-180,32.79644905252658,68.75,11.46,20.05,0
996,-180,32.79644905252658,68.75,11.46,20.05,0
998,-180,32.79644905252658,68.75,11.46,20.05,0
1000,-180,32.79644905252658,68.75,11.46,20.05,0
1002,-180,32.79644905252658,68.75,11.46,20.05,0
1004,-180,32.79644905252658,68.75,11.46,20.05,0
1006,-180,32.79644905252658,68.75,11.46,20.05,0
1008,-180,32.79644905252658,68.75,11.46,20.05,0
1010,-180,32.79644905252658,68.75,11.46,20.05,0
1012,-180,32.79644905252658,68.75,11.46,20.05,0
1014,-180,32.79644905252658,68.75,11.46,20.05,0
1016,-180,32.79644905252658,68.75,11.46,20.05,0
1018,-180,32.79644905252658,68.75,11.46,20.05,0
1020,-180,32.79644905252658,68.75,11.46,20.05,0
1022,-180,32.79644905252658,68.75,11.46,20.05,0
1024,-180,32.79644905252658,68.75,11.46,20.05,0
1026,-180,30.63720703125,68.75,11.46,20.05,0
1028,-180,28.64875955784575,68.75,11.46,20.05,0
1030,-180,27.812863613696805,68.75,11.46,20.05,0
1032,-180,26.95967004654254,68.75,11.46,20.05,0
1034,-180,22.634952626329778,68.75,11.46,20.05,0
1036,-180,15.121706698803195,68.75,11.46,20.05,0
1038,-180,11.307970412234042,68.75,11.46,20.05,0
1040,-180,4.543664810505305,68.75,11.46,20.05,0
1042,-180,2.111400847739361,68.75,11.46,20.05,0
1044,-180,-2.8294859541223474,68.75,11.46,20.05,0
1046,-180,-7.8077730219415,68.75,11.46,20.05,0
1048,-180,-9.029515043218083,68.75,11.46,20.05,0
1050,-180,-12.352840342420208,68.75,11.46,20.05,0
1052,-180,-12.352840342420208,68.75,11.46,20.05,0
1054,-180,-12.352840342420208,68.75,11.46,20.05,0
1056,-180,-12.352840342420208,68.75,11.46,20.05,0
1058,-180,-12.352840342420208,68.75,11.46,20.05,0
1060,-180,-12.352840342420208,68.75,11.46,20.05,0
1062,-180,-11.5940824468085,68.75,11.46,20.05,0
1064,-180,-9.901408743351055,68.75,11.46,20.05,0
1066,-180,-7.862315076462764,68.75,11.46,20.05,0
1068,-180,-4.032527842420208,68.75,11.46,20.05,0
1070,-180,-2.8790413065159584,68.75,11.46,20.05,0
1072,-180,-1.222832862367028,68.75,11.46,20.05,0
1074,-180,5.8182347074468055,68.75,11.46,20.05,0
1076,-180,7.879145196143625,68.75,11.46,20.05,0
1078,-180,10.187832446808514,68.75,11.46,20.05,0
1080,-180,10.187832446808514,68.75,11.46,20.05,0
1082,-180,10.925708527260625,68.75,11.46,20.05,0
1084,-180,10.925708527260625,68.75,11.46,20.05,0
1086,-180,10.925708527260625,68.75,11.46,20.05,0
1088,-180,10.925708527260625,68.75,11.46,20.05,0
1090,-180,12.513817320478722,68.75,11.46,20.05,0
1092,-180,12.513817320478722,68.75,11.46,20.05,0
1094,-180,14.441645196143611,68.75,11.46,20.05,0
1096,-180,18.763245927526597,68.75,11.46,20.05,0
1098,-180,26.861961851728722,68.75,11.46,20.05,0
1100,-180,27.887196642287236,68.75,11.46,20.05,0
1102,-180,28.84651346409575,68.75,11.46,20.05,0
1104,-180,28.84651346409575,68.75,11.46,20.05,0
1106,-180,28.84651346409575,68.75,11.46,20.05,0
1108,-180,28.84651346409575,68.75,11.46,20.05,0
1110,-180,28.84651346409575,68.75,11.46,20.05,0
1112,-180,28.84651346409575,68.75,11.46,20.05,0
1114,-180,28.84651346409575,68.75,11.46,20.05,0
1116,-180,28.84651346409575,68.75,11.46,20.05,0
1118,-180,28.84651346409575,68.75,11.46,20.05,0
1120,-180,28.84651346409575,68.75,11.46,20.05,0
1122,-180,28.84651346409575,68.75,11.46,20.05,0
1124,-180,28.84651346409575,68.75,11.46,20.05,0
1126,-180,28.84651346409575,68.75,11.46,20.05,0
1128,-180,28.84651346409575,68.75,11.46,20.05,0
1130,-180,28.84651346409575,68.75,11.46,20.05,0
1132,-180,28.84651346409575,68.75,11.46,20.05,0
1134,-180,28.84651346409575,68.75,11.46,20.05,0
1136,-180,28.84651346409575,68.75,11.46,20.05,0
1138,-180,28.84651346409575,68.75,11.46,20.05,0
1140,-180,28.84651346409575,68.75,11.46,20.05,0
1142,-180,28.84651346409575,68.75,11.46,20.05,0
1144,-180,28.84651346409575,68.75,11.46,20.05,0
1146,-180,28.84651346409575,68.75,11.46,20.05,0
1148,-180,28.84651346409575,68.75,11.46,20.05,0
1150,-180,28.84651346409575,68.75,11.46,20.05,0
1152,-180,28.84651346409575,68.75,11.46,20.05,0
1154,-180,28.84651346409575,68.75,11.46,20.05,0
1156,-180,28.84651346409575,68.75,11.46,20.05,0
1158,-180,28.84651346409575,68.75,11.46,20.05,0
1160,-180,28.84651346409575,68.75,11.46,20.05,0
1162,-180,28.84651346409575,68.75,11.46,20.05,0
1164,-180,28.84651346409575,68.75,11.46,20.05,0
1166,-180,28.84651346409575,68.75,11.46,20.05,0
1168,-180,28.84651346409575,68.75,11.46,20.05,0
1170,-180,28.84651346409575,68.75,11.46,20.05,0
1172,-180,28.84651346409575,68.75,11.46,20.05,0
1174,-180,28.84651346409575,68.75,11.46,20.05,0
1176,-180,28.84651346409575,68.75,11.46,20.05,0
1178,-180,28.84651346409575,68.75,11.46,20.05,0
1180,-180,28.84651346409575,68.75,11.46,20.05,0
1182,-180,28.84651346409575,68.75,11.46,20.05,0
1184,-180,28.84651346409575,68.75,11.46,20.05,0
1186,-180,28.84651346409575,68.75,11.46,20.05,0
1188,-180,28.84651346409575,68.75,11.46,20.05,0
1190,-180,28.84651346409575,68.75,11.46,20.05,0
1192,-180,28.84651346409575,68.75,11.46,20.05,0
1194,-180,28.84651346409575,68.75,11.46,20.05,0
1196,-180,28.84651346409575,68.75,11.46,20.05,0
1198,-180,28.84651346409575,68.75,11.46,20.05,0
1200,-180,28.84651346409575,68.75,11.46,20.05,0
1202,-180,28.84651346409575,68.75,11.46,20.05,0
1204,-180,28.84651346409575,68.75,11.46,20.05,0
1206,-180,28.84651346409575,68.75,11.46,20.05,0
1208,-180,28.84651346409575,68.75,11.46,20.05,0
1210,-180,28.84651346409575,68.75,11.46,20.05,0
1212,-180,28.84651346409575,68.75,11.46,20.05,0
1214,-180,28.84651346409575,68.75,11.46,20.05,0
1216,-180,28.84651346409575,68.75,11.46,20.05,0
1218,-180,28.84651346409575,68.75,11.46,20.05,0
1220,-180,28.84651346409575,68.75,11.46,20.05,0
1222,-180,28.84651346409575,68.75,11.46,20.05,0
1224,-180,28.84651346409575,68.75,11.46,20.05,0
1226,-180,28.84651346409575,68.75,11.46,20.05,0
1228,-180,28.84651346409575,68.75,11.46,20.05,0
1230,-180,28.84651346409575,68.75,11.46,20.05,0
1232,-180,28.84651346409575,68.75,11.46,20.05,0
1234,-180,28.84651346409575,68.75,11.46,20.05,0
1236,-180,28.84651346409575,68.75,11.46,20.05,0
1238,-180,28.84651346409575,68.75,11.46,20.05,0
1240,-180,28.84651346409575,68.75,11.46,20.05,0
1242,-180,28.84651346409575,68.75,11.46,20.05,0
1244,-180,28.84651346409575,68.75,11.46,20.05,0
1246,-180,28.84651346409575,68.75,11.46,20.05,0
1248,-180,28.84651346409575,68.75,11.46,20.05,0
1250,-180,28.84651346409575,68.75,11.46,20.05,0
1252,-180,28.84651346409575,68.75,11.46,20.05,0
1254,-180,28.84651346409575,68.75,11.46,20.05,0
1256,-180,28.84651346409575,68.75,11.46,20.05,0
1258,-180,28.84651346409575,68.75,11.46,20.05,0
1260,-180,28.84651346409575,68.75,11.46,20.05,0
1262,-180,28.84651346409575,68.75,11.46,20.05,0
1264,-180,28.84651346409575,68.75,11.46,20.05,0
1266,-180,28.84651346409575,68.75,11.46,20.05,0
1268,-180,28.84651346409575,68.75,11.46,20.05,0
1270,-180,28.84651346409575,68.75,11.46,20.05,0
1272,-180,28.84651346409575,68.75,11.46,20.05,0
1274,-180,28.84651346409575,68.75,11.46,20.05,0
1276,-180,28.84651346409575,68.75,11.46,20.05,0
1278,-180,28.84651346409575,68.75,11.46,20.05,0
1280,-180,28.84651346409575,68.75,11.46,20.05,0
1282,-180,28.84651346409575,64.77196226728725,11.46,20.05,0
1284,-180,28.84651346409575,63.37810976285459,11.46,20.05,0
1286,-180,28.84651346409575,55.781007590868796,11.46,20.05,0
1288,-180,28.84651346409575,52.39697611923759,11.46,20.05,0
1290,-180,28.84651346409575,50.58375581781917,11.46,20.05,0
1292,-180,28.84651346409575,50.58375581781917,11.46,20.05,0
1294,-180,28.84651346409575,48.417103003102824,11.46,20.05,0
1296,-180,28.84651346409575,44.61927914450354,11.46,20.05,0
1298,-180,28.84651346409575,44.61927914450354,11.46,20.05,0
1300,-180,28.84651346409575,44.61927914450354,11.46,20.05,0
1302,-180,28.84651346409575,44.61927914450354,11.46,20.05,0
1304,-180,28.84651346409575,44.61927914450354,11.46,20.05,0
1306,-180,28.84651346409575,55.674105164007074,11.46,20.05,0
1308,-180,28.84651346409575,59.38854028147162,11.46,20.05,0
1310,-180,28.84651346409575,63.31047761524823,11.46,20.05,0
1312,-180,28.84651346409575,63.31047761524823,11.46,20.05,0
1314,-180,28.84651346409575,63.31047761524823,11.46,20.05,0
1316,-180,28.84651346409575,63.31047761524823,11.46,20.05,0
1318,-180,28.84651346409575,63.31047761524823,11.46,20.05,0
1320,-180,28.84651346409575,63.31047761524823,11.46,20.05,0
1322,-180,28.84651346409575,63.31047761524823,11.46,20.05,0
1324,-180,28.84651346409575,63.31047761524823,11.46,20.05,0
1326,-180,28.84651346409575,56.03893090647162,11.46,20.05,0
1328,-180,28.84651346409575,40.15240608377661,11.46,20.05,0
1330,-180,28.84651346409575,36.34318899601064,11.46,20.05,0
1332,-180,28.84651346409575,32.5342143173759,11.46,20.05,0
1334,-180,28.84651346409575,30.720994015957444,11.46,20.05,0
1336,-180,28.84651346409575,29.835231050531917,11.46,20.05,0
1338,-180,28.84651346409575,26.82087350398936,11.46,20.05,0
1340,-180,28.84651346409575,26.82087350398936,11.46,20.05,0
1342,-180,28.84651346409575,26.82087350398936,11.46,20.05,0
1344,-180,28.84651346409575,25.10364721852838,11.46,20.05,0
1346,-180,28.84651346409575,17.870158743351055,11.46,20.05,0
1348,-180,28.84651346409575,16.0569384419326,11.46,20.05,0
1350,-180,28.84651346409575,-9.059314051418454,11.46,20.05,0
1352,-180,28.84651346409575,-13.030945257092199,11.46,20.05,0
1354,-180,28.84651346409575,-13.030945257092199,11.46,20.05,0
1356,-180,28.84651346409575,-22.459206006205676,11.46,20.05,0
1358,-180,28.84651346409575,-29.93001302083333,11.46,20.05,0
1360,-180,28.84651346409575,-35.86176446143617,11.46,20.05,0
1362,-180,28.84651346409575,-42.203672152039005,11.46,20.05,0
1364,-180,28.84651346409575,-51.75313746675532,11.46,20.05,0
1366,-180,28.84651346409575,-53.384308510638306,11.46,20.05,0
1368,-180,28.84651346409575,-62.17163951684398,11.46,20.05,0
1370,-180,28.84651346409575,-68.07818040780141,11.46,20.05,0
1372,-180,28.84651346409575,-75.83478778812056,11.46,20.05,0
1374,-180,28.84651346409575,-75.83478778812056,11.46,20.05,0
1376,-180,28.84651346409575,-83.14608959441489,11.46,20.05,0
1378,-180,28.84651346409575,-104.99006122562056,11.46,20.05,0
1380,-180,28.84651346409575,-106.97587682845744,11.46,20.05,0
1382,-180,28.84651346409575,-106.97587682845744,11.46,20.05,0
1384,-180,28.84651346409575,-106.97587682845744,11.46,20.05,0
1386,-180,28.84651346409575,-106.97587682845744,11.46,20.05,0
1388,-180,28.84651346409575,-106.97587682845744,11.46,20.05,0
1390,-180,28.84651346409575,-106.97587682845744,11.46,20.05,0
1392,-180,28.84651346409575,-106.97587682845744,11.46,20.05,0
1394,-180,28.84651346409575,-106.97587682845744,11.46,20.05,0
1396,-180,28.84651346409575,-106.97587682845744,11.46,20.05,0
1398,-180,28.84651346409575,-106.97587682845744,11.46,20.05,0
1400,-180,28.84651346409575,-106.97587682845744,11.46,20.05,0
1402,-180,28.84651346409575,-106.97587682845744,11.46,20.05,0
1404,-180,28.84651346409575,-106.97587682845744,11.46,20.05,0
1406,-180,28.84651346409575,-106.97587682845744,11.46,20.05,0
1408,-180,28.84651346409575,-106.97587682845744,11.46,20.05,0
1410,-180,28.84651346409575,-106.97587682845744,11.46,20.05,0
1412,-180,28.84651346409575,-106.97587682845744,11.46,20.05,0
1414,-180,28.84651346409575,-106.97587682845744,11.46,20.05,0
1416,-180,28.84651346409575,-106.97587682845744,11.46,20.05,0
1418,-180,28.84651346409575,-106.97587682845744,11.46,20.05,0
1420,-180,28.84651346409575,-106.97587682845744,11.46,20.05,0
1422,-180,28.84651346409575,-106.97587682845744,11.46,20.05,0
1424,-180,28.84651346409575,-106.97587682845744,11.46,20.05,0
1426,-180,28.84651346409575,-106.97587682845744,11.46,20.05,0
1428,-180,28.84651346409575,-106.97587682845744,11.46,20.05,0
1430,-180,28.84651346409575,-106.97587682845744,11.46,20.05,0
1432,-180,28.84651346409575,-106.97587682845744,11.46,20.05,0
1434,-180,28.84651346409575,-106.97587682845744,11.46,20.05,0
1436,-180,28.84651346409575,-106.97587682845744,11.46,20.05,0
1438,-180,28.84651346409575,-106.97587682845744,11.46,20.05,0
1440,-180,28.84651346409575,-106.97587682845744,11.46,20.05,0
1442,-180,28.84651346409575,-106.97587682845744,11.46,20.05,0
1444,-180,28.84651346409575,-106.97587682845744,11.46,20.05,0
1446,-180,28.84651346409575,-106.97587682845744,11.46,20.05,0
1448,-180,28.84651346409575,-106.97587682845744,11.46,20.05,0
1450,-180,28.84651346409575,-106.97587682845744,11.46,20.05,0
1452,-180,28.84651346409575,-106.97587682845744,11.46,20.05,0
1454,-180,28.84651346409575,-106.97587682845744,11.46,20.05,0
1456,-180,28.84651346409575,-106.97587682845744,11.46,20.05,0
1458,-180,28.84651346409575,-106.97587682845744,11.46,20.05,0
1460,-180,28.84651346409575,-106.97587682845744,11.46,20.05,0
1462,-180,28.84651346409575,-106.97587682845744,11.46,20.05,0
1464,-180,28.84651346409575,-106.97587682845744,11.46,20.05,0
1466,-180,28.84651346409575,-106.97587682845744,11.46,20.05,0
1468,-180,28.84651346409575,-106.97587682845744,11.46,20.05,0
1470,-180,28.84651346409575,-106.97587682845744,11.46,20.05,0
1472,-180,28.84651346409575,-106.97587682845744,11.46,20.05,0
1474,-180,28.84651346409575,-106.97587682845744,11.46,20.05,0
1476,-180,28.84651346409575,-106.97587682845744,11.46,20.05,0
1478,-180,28.84651346409575,-106.97587682845744,11.46,20.05,0
1480,-180,28.84651346409575,-106.97587682845744,11.46,20.05,0
1482,-180,28.84651346409575,-106.97587682845744,11.46,20.05,0
1484,-180,28.84651346409575,-106.97587682845744,11.46,20.05,0
1486,-180,28.84651346409575,-106.97587682845744,11.46,20.05,0
1488,-180,28.84651346409575,-106.97587682845744,11.46,20.05,0
1490,-180,28.84651346409575,-106.97587682845744,11.46,20.05,0
1492,-180,28.84651346409575,-106.97587682845744,11.46,20.05,0
1494,-180,28.84651346409575,-106.97587682845744,11.46,20.05,0
1496,-180,28.84651346409575,-106.97587682845744,11.46,20.05,0
1498,-180,28.84651346409575,-106.97587682845744,11.46,20.05,0
1500,-180,28.84651346409575,-106.97587682845744,11.46,20.05,0
1502,-180,28.84651346409575,-106.97587682845744,11.46,20.05,0
1504,-180,28.84651346409575,-106.97587682845744,11.46,20.05,0
1506,-180,28.84651346409575,-106.97587682845744,11.46,20.05,0
1508,-180,28.84651346409575,-106.97587682845744,11.46,20.05,0
1510,-180,28.84651346409575,-106.97587682845744,11.46,20.05,0
1512,-180,28.84651346409575,-106.97587682845744,11.46,20.05,0
1514,-180,28.84651346409575,-106.97587682845744,11.46,20.05,0
1516,-180,28.84651346409575,-106.97587682845744,11.46,20.05,0
1518,-180,28.84651346409575,-106.97587682845744,11.46,20.05,0
1520,-180,28.84651346409575,-106.97587682845744,11.46,20.05,0
1522,-180,28.84651346409575,-106.97587682845744,11.46,20.05,0
1524,-180,28.84651346409575,-106.97587682845744,11.46,20.05,0
1526,-180,28.84651346409575,-106.97587682845744,11.46,20.05,0
1528,-180,28.84651346409575,-106.97587682845744,11.46,20.05,0
1530,-180,28.84651346409575,-106.97587682845744,11.46,20.05,0
1532,-180,28.84651346409575,-106.97587682845744,11.46,20.05,0
1534,-180,28.84651346409575,-106.97587682845744,11.46,20.05,0
1536,-180,28.84651346409575,-106.97587682845744,11.46,20.05,0
1538,-180,28.84651346409575,-106.97587682845744,11.46,20.05,0
1540,-180,28.84651346409575,-106.97587682845744,11.46,20.05,0
1542,-180,28.84651346409575,-106.97587682845744,11.46,20.05,0
1544,-180,28.84651346409575,-106.97587682845744,11.46,20.05,0
1546,-180,28.84651346409575,-106.97587682845744,11.46,20.05,0
1548,-180,28.84651346409575,-106.97587682845744,11.46,20.05,0
1550,-180,28.84651346409575,-106.97587682845744,11.46,20.05,0
1552,-180,28.84651346409575,-106.97587682845744,11.46,20.05,0
1554,-180,28.84651346409575,-106.97587682845744,11.46,20.05,0
1556,-180,28.84651346409575,-106.97587682845744,11.46,20.05,0
1558,-180,28.84651346409575,-106.97587682845744,11.46,20.05,0
1560,-180,28.84651346409575,-106.97587682845744,11.46,20.05,0
1562,-180,28.84651346409575,-106.97587682845744,11.46,20.05,0
1564,-180,28.84651346409575,-106.97587682845744,11.46,20.05,0
1566,-180,28.84651346409575,-106.97587682845744,11.46,20.05,0
1568,-180,28.84651346409575,-106.97587682845744,11.46,20.05,0
1570,-180,28.84651346409575,-106.97587682845744,11.46,20.05,0
1572,-180,28.84651346409575,-106.97587682845744,11.46,20.05,0
1574,-180,28.84651346409575,-106.97587682845744,11.46,20.05,0
1576,-180,28.84651346409575,-106.97587682845744,11.46,20.05,0
1578,-180,28.84651346409575,-106.97587682845744,11.46,20.05,0
1580,-180,28.84651346409575,-106.97587682845744,11.46,20.05,0
1582,-180,28.84651346409575,-106.97587682845744,11.46,20.05,0
1584,-180,28.84651346409575,-106.97587682845744,11.46,20.05,0
1586,-180,28.84651346409575,-106.97587682845744,11.46,20.05,0
1588,-180,28.84651346409575,-106.97587682845744,11.46,20.05,0
1590,-180,28.84651346409575,-106.97587682845744,11.46,20.05,0
1592,-180,28.84651346409575,-106.97587682845744,11.46,20.05,0
1594,-180,28.84651346409575,-106.97587682845744,11.46,20.05,0
1596,-180,28.84651346409575,-106.97587682845744,11.46,20.05,0
1598,-180,28.84651346409575,-106.97587682845744,11.46,20.05,0
1600,-180,28.84651346409575,-106.97587682845744,11.46,20.05,0
1602,-180,28.84651346409575,-106.97587682845744,11.46,20.05,0
1604,-180,28.84651346409575,-106.97587682845744,11.46,20.05,0
1606,-180,28.84651346409575,-106.97587682845744,11.46,20.05,0
1608,-180,28.84651346409575,-106.97587682845744,11.46,20.05,0
1610,-180,28.84651346409575,-106.97587682845744,11.46,20.05,0
1612,-180,28.84651346409575,-106.97587682845744,11.46,20.05,0
1614,-180,28.84651346409575,-106.97587682845744,11.46,20.05,0
1616,-180,28.84651346409575,-106.97587682845744,11.46,20.05,0
1618,-180,28.84651346409575,-106.97587682845744,11.46,20.05,0
1620,-180,28.84651346409575,-106.97587682845744,11.46,20.05,0
1622,-180,28.84651346409575,-106.97587682845744,11.46,20.05,0
1624,-180,28.84651346409575,-106.97587682845744,11.46,20.05,0
1626,-180,28.84651346409575,-106.97587682845744,11.46,20.05,0
1628,-180,28.84651346409575,-106.97587682845744,11.46,20.05,0
1630,-180,28.84651346409575,-106.97587682845744,11.46,20.05,0
1632,-180,28.84651346409575,-106.97587682845744,11.46,20.05,0
1634,-180,28.84651346409575,-106.97587682845744,11.46,20.05,0
1636,-180,28.84651346409575,-106.97587682845744,11.46,20.05,0
1638,-180,28.84651346409575,-106.97587682845744,11.46,20.05,0
1640,-180,28.84651346409575,-106.97587682845744,11.46,20.05,0
1642,-180,28.84651346409575,-106.97587682845744,11.46,20.05,0
1644,-180,28.84651346409575,-106.97587682845744,11.46,20.05,0
1646,-180,28.84651346409575,-106.97587682845744,11.46,20.05,0
1648,-180,28.84651346409575,-106.97587682845744,11.46,20.05,0
1650,-180,28.84651346409575,-106.97587682845744,11.46,20.05,0
1652,-180,28.84651346409575,-106.97587682845744,11.46,20.05,0
1654,-180,28.84651346409575,-106.97587682845744,11.46,20.05,0
1656,-180,28.84651346409575,-106.97587682845744,11.46,20.05,0
1658,-180,28.84651346409575,-106.97587682845744,11.46,20.05,0
1660,-180,28.84651346409575,-106.97587682845744,11.46,20.05,0
1662,-180,28.84651346409575,-106.97587682845744,11.46,20.05,0
1664,-180,28.84651346409575,-106.97587682845744,11.46,20.05,0
1666,-180,28.84651346409575,-106.97587682845744,11.46,20.05,0
1668,-180,28.84651346409575,-106.97587682845744,11.46,20.05,0
1670,-180,28.84651346409575,-106.97587682845744,11.46,20.05,0
1672,-180,28.84651346409575,-106.97587682845744,11.46,20.05,0
1674,-180,28.84651346409575,-106.97587682845744,11.46,20.05,0
1676,-180,28.84651346409575,-106.97587682845744,11.46,20.05,0
1678,-180,28.84651346409575,-106.97587682845744,11.46,20.05,0
1680,-180,28.84651346409575,-106.97587682845744,11.46,20.05,0
1682,-180,28.84651346409575,-106.97587682845744,11.46,20.05,0
1684,-180,28.84651346409575,-106.97587682845744,11.46,20.05,0
1686,-180,28.84651346409575,-106.97587682845744,11.46,20.05,0
1688,-180,28.84651346409575,-106.97587682845744,11.46,20.05,0
1690,-180,28.84651346409575,-106.97587682845744,11.46,20.05,0
1692,-180,28.84651346409575,-106.97587682845744,11.46,20.05,0
1694,-180,28.84651346409575,-106.97587682845744,11.46,20.05,0
1696,-180,28.84651346409575,-106.97587682845744,11.46,20.05,0
1698,-180,28.84651346409575,-106.97587682845744,11.46,20.05,0
1700,-180,28.84651346409575,-106.97587682845744,11.46,20.05,0
1702,-180,28.84651346409575,-106.97587682845744,11.46,20.05,0
1704,-180,28.84651346409575,-106.97587682845744,11.46,20.05,0
1706,-180,28.84651346409575,-106.97587682845744,11.46,20.05,0
1708,-180,28.84651346409575,-106.97587682845744,11.46,20.05,0
1710,-180,28.84651346409575,-106.97587682845744,11.46,20.05,0
1712,-180,28.84651346409575,-106.97587682845744,11.46,20.05,0
1714,-180,28.84651346409575,-106.97587682845744,11.46,20.05,0
1716,-180,28.84651346409575,-106.97587682845744,11.46,20.05,0
1718,-180,28.84651346409575,-106.97587682845744,11.46,20.05,0
1720,-180,28.84651346409575,-106.97587682845744,11.46,20.05,0
1722,-180,28.84651346409575,-106.97587682845744,11.46,20.05,0
1724,-180,28.84651346409575,-106.97587682845744,11.46,20.05,0
1726,-180,28.84651346409575,-106.97587682845744,11.46,20.05,0
1728,-180,28.84651346409575,-106.97587682845744,11.46,20.05,0
1730,-180,28.84651346409575,-106.97587682845744,11.46,20.05,0
1732,-180,28.84651346409575,-106.97587682845744,11.46,20.05,0
1734,-180,28.84651346409575,-106.97587682845744,11.46,20.05,0
1736,-180,28.84651346409575,-106.97587682845744,11.46,20.05,0
1738,-180,28.84651346409575,-106.97587682845744,11.46,20.05,0
1740,-180,28.84651346409575,-106.97587682845744,11.46,20.05,0
1742,-180,28.84651346409575,-106.97587682845744,11.46,20.05,0
1744,-180,28.84651346409575,-106.97587682845744,11.46,20.05,0
1746,-180,28.84651346409575,-106.97587682845744,11.46,20.05,0
1748,-180,28.84651346409575,-106.97587682845744,11.46,20.05,0
1750,-180,28.84651346409575,-106.97587682845744,11.46,20.05,0
1752,-180,28.84651346409575,-106.97587682845744,11.46,20.05,0
1754,-180,28.84651346409575,-106.97587682845744,11.46,20.05,0
1756,-180,28.84651346409575,-106.97587682845744,11.46,20.05,0
1758,-180,28.84651346409575,-106.97587682845744,11.46,20.05,0
1760,-180,28.84651346409575,-106.97587682845744,11.46,20.05,0
1762,-180,28.84651346409575,-106.97587682845744,11.46,20.05,0
1764,-180,28.84651346409575,-106.97587682845744,11.46,20.05,0
1766,-180,28.84651346409575,-106.97587682845744,11.46,20.05,0
1768,-180,28.84651346409575,-106.97587682845744,11.46,20.05,0
1770,-180,28.84651346409575,-106.97587682845744,11.46,20.05,0
1772,-180,28.84651346409575,-106.97587682845744,11.46,20.05,0
1774,-180,28.84651346409575,-106.97587682845744,11.46,20.05,0
1776,-180,28.84651346409575,-106.97587682845744,11.46,20.05,0
1778,-180,28.84651346409575,-106.97587682845744,11.46,20.05,0
1780,-180,28.84651346409575,-106.97587682845744,11.46,20.05,0
1782,-180,28.84651346409575,-106.97587682845744,11.46,20.05,0
1784,-180,28.84651346409575,-106.97587682845744,11.46,20.05,0
1786,-180,28.84651346409575,-106.97587682845744,11.46,20.05,0
1788,-180,28.84651346409575,-106.97587682845744,11.46,20.05,0
1790,-180,28.84651346409575,-106.97587682845744,11.46,20.05,0
1792,-180,28.84651346409575,-106.97587682845744,11.46,20.05,0
1794,-180,28.84651346409575,-106.97587682845744,11.46,20.05,0
1796,-180,28.84651346409575,-106.97587682845744,11.46,20.05,0
1798,-180,28.84651346409575,-106.97587682845744,11.46,20.05,0
1800,-180,28.84651346409575,-106.97587682845744,11.46,20.05,0
1802,-180,28.84651346409575,-106.97587682845744,11.46,20.05,0
1804,-180,28.84651346409575,-106.97587682845744,11.46,20.05,0
1806,-180,28.84651346409575,-106.97587682845744,11.46,20.05,0
1808,-180,28.84651346409575,-106.97587682845744,11.46,20.05,0
1810,-180,28.84651346409575,-106.97587682845744,11.46,20.05,0
1812,-180,28.84651346409575,-106.97587682845744,11.46,20.05,0
1814,-180,28.84651346409575,-106.97587682845744,11.46,20.05,0
1816,-180,28.84651346409575,-106.97587682845744,11.46,20.05,0
1818,-180,28.84651346409575,-106.97587682845744,11.46,20.05,0
1820,-180,28.84651346409575,-106.97587682845744,11.46,20.05,0
1822,-180,28.84651346409575,-106.97587682845744,11.46,20.05,0
1824,-180,28.84651346409575,-106.97587682845744,11.46,20.05,0
1826,-180,28.84651346409575,-106.97587682845744,11.46,20.05,0
1828,-180,28.84651346409575,-106.97587682845744,11.46,20.05,0
1830,-180,28.84651346409575,-106.97587682845744,11.46,20.05,0
1832,-180,28.84651346409575,-106.97587682845744,11.46,20.05,0
1834,-180,28.84651346409575,-106.97587682845744,11.46,20.05,0
1836,-180,28.84651346409575,-106.97587682845744,11.46,20.05,0
1838,-180,28.84651346409575,-106.97587682845744,11.46,20.05,0
1840,-180,28.84651346409575,-106.97587682845744,11.46,20.05,0
1842,-180,28.84651346409575,-106.97587682845744,11.46,20.05,0
1844,-180,28.84651346409575,-106.97587682845744,11.46,20.05,0
1846,-180,28.84651346409575,-106.97587682845744,11.46,20.05,0
1848,-180,28.84651346409575,-106.97587682845744,11.46,20.05,0
1850,-180,28.84651346409575,-106.97587682845744,11.46,20.05,0
1852,-180,28.84651346409575,-106.97587682845744,11.46,20.05,0
1854,-180,28.84651346409575,-106.97587682845744,11.46,20.05,0
1856,-180,28.84651346409575,-106.97587682845744,11.46,20.05,0
1858,-180,28.84651346409575,-106.97587682845744,11.46,20.05,0
1860,-180,28.84651346409575,-106.97587682845744,11.46,20.05,0
1862,-180,28.84651346409575,-106.97587682845744,11.46,20.05,0
1864,-180,28.84651346409575,-106.97587682845744,11.46,20.05,0
1866,-180,28.84651346409575,-106.97587682845744,11.46,20.05,0
1868,-180,28.84651346409575,-106.97587682845744,11.46,20.05,0
1870,-180,28.84651346409575,-106.97587682845744,11.46,20.05,0
1872,-180,28.84651346409575,-106.97587682845744,11.46,20.05,0
1874,-180,28.84651346409575,-106.97587682845744,11.46,20.05,0
1876,-180,28.84651346409575,-106.97587682845744,11.46,20.05,0
1878,-180,28.84651346409575,-106.97587682845744,11.46,20.05,0
1880,-180,28.84651346409575,-106.97587682845744,11.46,20.05,0
1882,-180,28.84651346409575,-106.97587682845744,11.46,20.05,0
1884,-180,28.84651346409575,-106.97587682845744,11.46,20.05,0
1886,-180,28.84651346409575,-106.97587682845744,11.46,20.05,0
1888,-180,28.84651346409575,-106.97587682845744,11.46,20.05,0
1890,-180,28.84651346409575,-106.97587682845744,11.46,20.05,0
1892,-180,28.84651346409575,-106.97587682845744,11.46,20.05,0
1894,-180,28.84651346409575,-106.97587682845744,11.46,20.05,0
1896,-180,28.84651346409575,-106.97587682845744,11.46,20.05,0
1898,-180,28.84651346409575,-106.97587682845744,11.46,20.05,0
1900,-180,28.84651346409575,-106.97587682845744,11.46,20.05,0
1902,-180,28.84651346409575,-106.97587682845744,11.46,20.05,0
1904,-180,28.84651346409575,-106.97587682845744,11.46,20.05,0
1906,-180,28.84651346409575,-106.97587682845744,11.46,20.05,0
1908,-180,28.84651346409575,-106.97587682845744,11.46,20.05,0
1910,-180,28.84651346409575,-106.97587682845744,11.46,20.05,0
1912,-180,28.84651346409575,-106.97587682845744,11.46,20.05,0
1914,-180,28.84651346409575,-106.97587682845744,11.46,20.05,0
1916,-180,28.84651346409575,-106.97587682845744,11.46,20.05,0
1918,-180,28.84651346409575,-106.97587682845744,11.46,20.05,0
1920,-180,28.84651346409575,-106.97587682845744,11.46,20.05,0
1922,-180,28.84651346409575,-106.97587682845744,11.46,20.05,0
1924,-180,28.84651346409575,-106.97587682845744,11.46,20.05,0
1926,-180,28.84651346409575,-106.97587682845744,11.46,20.05,0
1928,-180,28.84651346409575,-106.97587682845744,11.46,20.05,0
1930,-180,28.84651346409575,-106.97587682845744,11.46,20.05,0
1932,-180,28.84651346409575,-106.97587682845744,11.46,20.05,0
1934,-180,28.84651346409575,-106.97587682845744,11.46,20.05,0
1936,-180,28.84651346409575,-106.97587682845744,11.46,20.05,0
1938,-180,28.84651346409575,-106.97587682845744,11.46,20.05,0
1940,-180,28.84651346409575,-106.97587682845744,11.46,20.05,0
1942,-180,28.84651346409575,-106.97587682845744,11.46,20.05,0
1944,-180,28.84651346409575,-106.97587682845744,11.46,20.05,0
1946,-180,28.84651346409575,-106.97587682845744,11.46,20.05,0
1948,-180,28.84651346409575,-106.97587682845744,11.46,20.05,0
1950,-180,28.84651346409575,-106.97587682845744,11.46,20.05,0
1952,-180,28.84651346409575,-106.97587682845744,11.46,20.05,0
1954,-180,28.84651346409575,-106.97587682845744,11.46,20.05,0
1956,-180,28.84651346409575,-106.97587682845744,11.46,20.05,0
1958,-180,28.84651346409575,-106.97587682845744,11.46,20.05,0
1960,-180,28.84651346409575,-106.97587682845744,11.46,20.05,0
1962,-180,28.84651346409575,-106.97587682845744,11.46,20.05,0
1964,-180,28.84651346409575,-106.97587682845744,11.46,20.05,0
1966,-180,28.84651346409575,-106.97587682845744,11.46,20.05,0
1968,-180,28.84651346409575,-106.97587682845744,11.46,20.05,0
1970,-180,28.84651346409575,-106.97587682845744,11.46,20.05,0
1972,-180,28.84651346409575,-106.97587682845744,11.46,20.05,0
1974,-180,28.84651346409575,-106.97587682845744,11.46,20.05,0
1976,-180,28.84651346409575,-106.97587682845744,11.46,20.05,0
1978,-180,28.84651346409575,-106.97587682845744,11.46,20.05,0
1980,-180,28.84651346409575,-106.97587682845744,11.46,20.05,0
1982,-180,28.84651346409575,-106.97587682845744,11.46,20.05,0
1984,-180,28.84651346409575,-106.97587682845744,11.46,20.05,0
1986,-180,28.84651346409575,-106.97587682845744,11.46,20.05,0
1988,-180,28.84651346409575,-106.97587682845744,11.46,20.05,0
1990,-180,28.84651346409575,-106.97587682845744,11.46,20.05,0
1992,-180,28.84651346409575,-106.97587682845744,11.46,20.05,0
1994,-180,28.84651346409575,-106.97587682845744,11.46,20.05,0
1996,-180,28.84651346409575,-106.97587682845744,11.46,20.05,0
1998,-180,28.84651346409575,-106.97587682845744,11.46,20.05,0
2000,-180,28.84651346409575,-106.97587682845744,11.46,20.05,0
2002,-180,28.84651346409575,-106.97587682845744,11.46,20.05,0
2004,-180,28.84651346409575,-106.97587682845744,11.46,20.05,0
2006,-180,28.84651346409575,-106.97587682845744,11.46,20.05,0
2008,-180,28.84651346409575,-106.97587682845744,11.46,20.05,0
2010,-180,28.84651346409575,-106.97587682845744,11.46,20.05,0
2012,-180,28.84651346409575,-106.97587682845744,11.46,20.05,0
2014,-180,28.84651346409575,-106.97587682845744,11.46,20.05,0
2016,-180,28.84651346409575,-106.97587682845744,11.46,20.05,0
2018,-180,28.84651346409575,-106.97587682845744,11.46,20.05,0
2020,-180,28.84651346409575,-106.97587682845744,11.46,20.05,0
2022,-180,28.84651346409575,-106.97587682845744,11.46,20.05,0
2024,-180,28.84651346409575,-106.97587682845744,11.46,20.05,0
2026,-180,28.84651346409575,-106.97587682845744,11.46,20.05,0
2028,-180,28.84651346409575,-106.97587682845744,11.46,20.05,0
2030,-180,28.84651346409575,-106.97587682845744,11.46,20.05,0
2032,-180,28.84651346409575,-106.97587682845744,11.46,20.05,0
2034,-180,28.84651346409575,-106.97587682845744,11.46,20.05,0
2036,-180,28.84651346409575,-106.97587682845744,11.46,20.05,0
2038,-180,28.84651346409575,-106.97587682845744,11.46,20.05,0
2040,-180,28.84651346409575,-106.97587682845744,11.46,20.05,0
2042,-180,28.84651346409575,-106.97587682845744,11.46,20.05,0
2044,-180,28.84651346409575,-106.97587682845744,11.46,20.05,0
2046,-180,28.84651346409575,-106.97587682845744,11.46,20.05,0
2048,-180,28.84651346409575,-106.97587682845744,11.46,20.05,0
2050,-180,28.84651346409575,-106.97587682845744,11.46,20.05,0
2052,-180,28.84651346409575,-106.97587682845744,11.46,20.05,0
2054,-180,28.84651346409575,-106.97587682845744,11.46,20.05,0
2056,-180,28.84651346409575,-106.97587682845744,11.46,20.05,0
2058,-180,28.84651346409575,-106.97587682845744,11.46,20.05,0
2060,-180,28.84651346409575,-106.97587682845744,11.46,20.05,0
2062,-180,28.84651346409575,-106.97587682845744,11.46,20.05,0
2064,-180,28.84651346409575,-106.97587682845744,11.46,20.05,0
2066,-180,28.84651346409575,-106.97587682845744,11.46,20.05,0
2068,-180,28.84651346409575,-106.97587682845744,11.46,20.05,0
2070,-179.73728395061727,28.804411008230456,-106.81974194101508,11.443273744855967,20.02073635116598,0
2072,-177.70666666666668,28.47898751477542,-105.61292491627266,11.313991111111113,19.79454814814815,0
2074,-174.96,28.038811087101067,-103.98055227726063,11.13912,19.4886,0
2076,-171.25333333333333,27.444786587618207,-101.77764162849684,10.903128888888888,19.075718518518517,0
2078,-166.66666666666666,26.709734688977548,-99.05173780412727,10.611111111111112,18.564814814814817,0
2080,-161.28,25.846476063829794,-95.85038563829787,10.268160000000002,17.9648,0
2082,-159.3204938271605,25.53244872384205,-94.68583068835187,10.143404773662553,17.74653278463649,0
2084,-152.99160493827162,24.518191065252612,-90.9245060314698,9.740465514403294,17.04156488340192,0
2086,-146.04938271604937,23.40564158300773,-86.79867097946855,9.298477366255144,16.268278463648834,0
2088,-135.97728395061728,21.79150306829251,-80.81271766316343,8.657220411522633,15.146358573388202,0
2090,-127.91506172839506,20.499464168937706,-76.02125493311846,8.14392559670782,14.248316598079562,0
2092,-119.50617283950616,19.151869021429825,-71.02376458844087,7.608559670781893,13.311659807956104,0
2094,-116.63999999999999,18.692540724734044,-69.32036818484042,7.42608,12.992399999999998,0
2096,-104.93827160493828,16.817240359726604,-62.36590898778384,6.681069958847738,11.688957475994515,0
2098,-95.99604938271605,15.384174061213995,-57.05145308213306,6.111748477366255,10.692893278463648,0
2100,-87.00049382716051,13.942560647600917,-51.705300620384975,5.53903144032922,9.690888340192046,0
2102,-78.03160493827163,12.50522079153807,-46.374996436685535,4.968012181069961,8.691853772290811,0
2104,-69.1693827160494,11.084975165676171,-41.10808536518074,4.403784032921812,7.704700685871058,0
2106,-63.36,10.153972739361704,-37.65550864361702,4.03392,7.0576,0
2108,-54.85333333333334,8.79070788083629,-32.59990794609437,3.4923288888888893,6.1100518518518525,0
2110,-44.022716049382716,7.055010395803237,-26.16315916529401,2.8027795884773665,4.903641426611797,0
2112,-36.38716049382716,5.831348417252212,-21.625268884027594,2.316649218106996,4.0531253772290805,0
2114,-29.25827160493827,4.688884032155679,-17.388495885685725,1.8627766255144032,3.259046364883402,0
2116,-22.71604938271605,3.6404379131643476,-13.500385004414385,1.446255144032922,2.5303155006858713,0
2118,-16.840493827160476,2.698830732928922,-10.008481074359537,1.0721781069958836,1.8758438957475974,0
2120,-11.711604938271618,1.8768831641001251,-6.960328929667214,0.7456388477366264,1.3045426611796997,0
2122,-6.172839506172845,0.9892494329250952,-3.668582881634346,0.3930041152263378,0.6875857338820308,0
2124,-3.0972839506172845,0.4963657954644954,-1.8407481466888482,0.19719374485596713,0.34500301783264753,0
2126,-1.0350617283950614,0.16587734491287975,-0.6151479775924464,0.06589893004115224,0.11529437585733879,0
2128,-0.06617283950616004,0.01060475392095496,-0.03932720849111255,0.004213004115225523,0.0073709190672139385,0
2130,-0,0,-0,0,0,0
2132,-0,0,-0,0,0,0
2134,-0,0,-0,0,0,0
2136,-0,0,-0,0,0,0
2138,-0,0,-0,0,0,0
2140,-0,0,-0,0,0,0
2142,-0,0,-0,0,0,0
2144,-0,0,-0,0,0,0
2146,-0,0,-0,0,0,0
2148,-0,0,-0,0,0,0
2150,-0,0,-0,0,0,0
2152,-0,0,-0,0,0,0
2154,-0,0,-0,0,0,0
2156,-0,0,-0,0,0,0
2158,-0,0,-0,0,0,0
2160,-0,0,-0,0,0,0
2162,-0,0,-0,0,0,0
2164,-0,0,-0,0,0,0
2166,-0,0,-0,0,0,0
2168,-0,0,-0,0,0,0
2170,-0,0,-0,0,0,0
2172,-0,0,-0,0,0,0
2174,-0,0,-0,0,0,0
2176,-0,0,-0,0,0,0
2178,-0,0,-0,0,0,0
2180,-0,0,-0,0,0,0
2182,-0,0,-0,0,0,0
2184,-0,0,-0,0,0,0
2186,-0,0,-0,0,0,0
2188,-0,0,-0,0,0,0
2190,-0,0,-0,0,0,0
2192,-0,0,-0,0,0,0
2194,-0,0,-0,0,0,0
2196,-0,0,-0,0,0,0
2198,-0,0,-0,0,0,0
2200,-0,0,-0,0,0,0
2202,-0,0,-0,0,0,0
2204,-0,0,-0,0,0,0
2206,-0,0,-0,0,0,0
2208,-0,0,-0,0,0,0
2210,-0,0,-0,0,0,0
2212,-0,0,-0,0,0,0
2214,-0,0,-0,0,0,0
2216,-0,0,-0,0,0,0
2218,-0,0,-0,0,0,0
2220,-0,0,-0,0,0,0
2222,-0,0,-0,0,0,0
2224,-0,0,-0,0,0,0
2226,-0,0,-0,0,0,0
2228,-0,0,-0,0,0,0
2230,-0,0,-0,0,0,0
2232,-0,0,-0,0,0,0
2234,-0,0,-0,0,0,0
2236,-0,0,-0,0,0,0
2238,-0,0,-0,0,0,0
2240,-0,0,-0,0,0,0
2242,-0,0,-0,0,0,0
2244,-0,0,-0,0,0,0
2246,-0,0,-0,0,0,0
2248,-0,0,-0,0,0,0
2250,-0,0,-0,0,0,0
2252,-0,0,-0,0,0,0
2254,-0,0,-0,0,0,0
2256,-0,0,-0,0,0,0
2258,-0,0,-0,0,0,0
2260,-0,0,-0,0,0,0
2262,-0,0,-0,0,0,0
2264,-0,0,-0,0,0,0
2266,-0,0,-0,0,0,0
2268,-0,0,-0,0,0,0
2270,-0,0,-0,0,0,0
2272,-0,0,-0,0,0,0
2274,-0,0,-0,0,0,0
2276,-0,0,-0,0,0,0
2278,-0,0,-0,0,0,0
2280,-0,0,-0,0,0,0
2282,-0,0,-0,0,0,0
2284,-0,0,-0,0,0,0
2286,-0,0,-0,0,0,0
2288,-0,0,-0,0,0,0
2290,-0,0,-0,0,0,0
2292,-0,0,-0,0,0,0
2294,-0,0,-0,0,0,0
2296,-0,0,-0,0,0,0
2298,-0,0,-0,0,0,0
2300,-0,0,-0,0,0,0
2302,-0,0,-0,0,0,0
2304,-0,0,-0,0,0,0
2306,-0,-3.10920877659575,-0,0,0,0
2308,-0,-8.152167137632986,-0,0,0,0
2310,-0,-15.76530294215425,-0,0,0,0
2312,-0,-27.223653590425528,-0,0,0,0
2314,-0,-34.88322805851063,-0,0,0,0
2316,-0,-42.421875,-0,0,0,0
2318,-0,-46.16938164893617,-0,0,0,0
2320,-0,-46.16938164893617,-0,0,0,0
2322,-0,-46.16938164893617,-0,0,0,0
2324,-0,-46.16938164893617,-0,0,0,0
2326,-0,-46.16938164893617,-0,0,0,0
2328,-0,-46.16938164893617,-0,0,0,0
2330,-0,-46.16938164893617,-0,0,0,0
2332,-0,-46.16938164893617,-0,0,0,0
2334,-0,-46.16938164893617,-0,0,0,0
2336,-0,-46.16938164893617,-0,0,0,0
2338,-0,-46.16938164893617,-0,0,0,0
2340,-0,-44.796012716090424,-0,0,0,0
2342,-0,-39.84873670212766,-0,0,0,0
2344,-0,-33.54788272938829,-0,0,0,0
2346,-0,-28.578166555851062,-0,0,0,0
2348,-0,-26.334150598404257,-0,0,0,0
2350,-0,-25.44340093085107,-0,0,0,0
2352,-0,-25.44340093085107,-0,0,0,0
2354,-0,-24.768170295877653,-0,0,0,0
2356,-0,-24.768170295877653,-0,0,0,0
2358,-0,-24.768170295877653,-0,0,0,0
2360,-0,-23.146868766622333,-0,0,0,0
2362,-0,-23.146868766622333,-0,0,0,0
2364,-0,-21.11135929188829,-0,0,0,0
2366,-0,-19.92982255651596,-0,0,0,0
2368,-0,-19.92982255651596,-0,0,0,0
2370,-0,-19.92982255651596,-0,0,0,0
2372,-0,-19.92982255651596,-0,0,0,0
2374,-0,-19.92982255651596,-0,0,0,0
2376,-0,-19.92982255651596,-0,0,0,0
2378,-0,-19.92982255651596,-0,0,0,0
2380,-0,-19.92982255651596,-0,0,0,0
2382,-0,-18.052796708776597,-0,0,0,0
2384,-0,-14.27131815159575,-0,0,0,0
2386,-0,-14.27131815159575,-0,0,0,0
2388,-0,-14.27131815159575,-0,0,0,0
2390,-0,-14.27131815159575,-0,0,0,0
2392,-0,-10.347095246010639,-0,0,0,0
2394,-0,-10.347095246010639,-0,0,0,0
2396,-0,-10.347095246010639,-0,0,0,0
2398,-0,-9.675137134308514,-0,0,0,0
2400,-0,-7.404161818484042,-0,0,0,0
2402,-0,-7.404161818484042,-0,0,0,0
2404,-0,-7.404161818484042,-0,0,0,0
2406,-0,-2.6251870013297918,-0,0,0,0
2408,-0,-1.455805352393611,-0,0,0,0
2410,-0,-1.455805352393611,-0,0,0,0
2412,-0,-1.455805352393611,-0,0,0,0
2414,-0,-1.455805352393611,-0,0,0,0
2416,-0,-1.455805352393611,-0,0,0,0
2418,-0,-1.455805352393611,-0,0,0,0
2420,-0,-1.455805352393611,-0,0,0,0
2422,-0,-1.455805352393611,-0,0,0,0
2424,-0,-1.455805352393611,-0,0,0,0
2426,-0,-1.455805352393611,-0,0,0,0
2428,-0,-1.455805352393611,-0,0,0,0
2430,-0,-1.455805352393611,-0,0,0,0
2432,-0,-1.455805352393611,-0,0,0,0
2434,-0,-1.455805352393611,-0,0,0,0
2436,-0,-1.455805352393611,-0,0,0,0
2438,-0,-1.455805352393611,-0,0,0,0
2440,-0,-1.455805352393611,-0,0,0,0
2442,-0,-1.455805352393611,-0,0,0,0
2444,-0,-1.455805352393611,-0,0,0,0
2446,-0,-1.455805352393611,-0,0,0,0
2448,-0,-1.455805352393611,-0,0,0,0
2450,-0,-1.455805352393611,-0,0,0,0
2452,-0,-1.455805352393611,-0,0,0,0
2454,-0,-1.455805352393611,-8.299603834219852,0,0,0
2456,-0,-1.455805352393611,-17.88276401817376,0,0,0
2458,-0,-1.455805352393611,-25.588223071808514,0,0,0
2460,-0,-1.455805352393611,-33.43282496675532,0,0,0
2462,-0,-1.455805352393611,-36.2779809397163,0,0,0
2464,-0,-1.455805352393611,-42.05871149157802,0,0,0
2466,-0,-1.455805352393611,-43.21354859264184,0,0,0
2468,-0,-1.455805352393611,-46.28875083111703,0,0,0
2470,-0,-1.455805352393611,-53.45339511303192,0,0,0
2472,-0,-1.455805352393611,-63.12576185726951,0,0,0
2474,-0,-1.455805352393611,-69.0087890625,0,0,0
2476,-0,-1.455805352393611,-74.4091796875,0,0,0
2478,-0,-1.455805352393611,-84.28856382978724,0,0,0
2480,-0,-1.455805352393611,-88.2352268949468,0,0,0
2482,-0,-1.455805352393611,-91.61950077570921,0,0,0
2484,-0,-1.455805352393611,-91.61950077570921,0,0,0
2486,-0,-1.455805352393611,-91.61950077570921,0,0,0
2488,-0,-1.455805352393611,-91.61950077570921,0,0,0
2490,-0,-1.455805352393611,-91.61950077570921,0,0,0
2492,-0,-1.455805352393611,-91.61950077570921,0,0,0
2494,-0,-1.455805352393611,-91.61950077570921,0,0,0
2496,-0,-1.455805352393611,-91.61950077570921,0,0,0
2498,-0,-1.455805352393611,-91.61950077570921,0,0,0
2500,-0,-1.455805352393611,-91.61950077570921,0,0,0
2502,-0,-1.455805352393611,-91.61950077570921,0,0,0
2504,-0,-1.455805352393611,-91.61950077570921,0,0,0
2506,-0,-1.455805352393611,-91.61950077570921,0,0,0
2508,-0,-1.455805352393611,-91.61950077570921,0,0,0
2510,-0,-1.455805352393611,-79.4289879765071,0,0,0
2512,-0,-1.455805352393611,-73.12586574689716,0,0,0
2514,-0,-1.455805352393611,-73.12586574689716,0,0,0
2516,-0,-1.455805352393611,-73.12586574689716,0,0,0
2518,-0,-1.455805352393611,-73.12586574689716,0,0,0
2520,-0,-1.455805352393611,-73.12586574689716,0,0,0
2522,-0,-1.455805352393611,-73.12586574689716,0,0,0
2524,-0,-1.455805352393611,-73.12586574689716,0,0,0
2526,-0,-1.455805352393611,-73.12586574689716,0,0,0
2528,-0,-1.455805352393611,-73.12586574689716,0,0,0
2530,-0,-1.455805352393611,-73.12586574689716,0,0,0
2532,-0,-1.455805352393611,-73.12586574689716,0,0,0
2534,-0,-1.455805352393611,-73.12586574689716,0,0,0
2536,-0,-1.455805352393611,-73.12586574689716,0,0,0
2538,-0,-1.455805352393611,-73.12586574689716,0,0,0
2540,-0,-1.455805352393611,-73.12586574689716,0,0,0
2542,-0,-1.455805352393611,-73.12586574689716,0,0,0
2544,-0,-1.455805352393611,-73.12586574689716,0,0,0
2546,-0,-1.455805352393611,-73.12586574689716,0,0,0
2548,-0,-1.455805352393611,-73.12586574689716,0,0,0
2550,-0,-1.455805352393611,-73.12586574689716,0,0,0
2552,-0,-1.455805352393611,-73.12586574689716,0,0,0
2554,-0,-1.455805352393611,-73.12586574689716,0,0,0
2556,-0,-1.455805352393611,-73.12586574689716,0,0,0
2558,-0,-1.455805352393611,-73.12586574689716,0,0,0
2560,-0,-1.455805352393611,-73.12586574689716,0,0,0
2562,-0,-1.455805352393611,-73.12586574689716,0,0,0
2564,-0,-1.455805352393611,-73.12586574689716,0,0,0
2566,-0,-1.455805352393611,-73.12586574689716,0,0,0
2568,-0,-1.455805352393611,-73.12586574689716,0,0,0
2570,-0,-1.455805352393611,-73.12586574689716,0,0,0
2572,-0,-1.455805352393611,-73.12586574689716,0,0,0
2574,-0,-1.455805352393611,-73.12586574689716,0,0,0
2576,-0,-1.455805352393611,-73.12586574689716,0,0,0
2578,-0,-1.455805352393611,-73.12586574689716,0,0,0
2580,-0,-1.455805352393611,-73.12586574689716,0,0,0
2582,-0,-1.455805352393611,-73.12586574689716,0,0,0
2584,-0,-1.455805352393611,-73.12586574689716,0,0,0
2586,-0,-1.455805352393611,-73.12586574689716,0,0,0
2588,-0,-1.455805352393611,-73.12586574689716,0,0,0
2590,-0,-1.455805352393611,-73.12586574689716,0,0,0
2592,-0,-1.455805352393611,-73.12586574689716,0,0,0
2594,-0,-1.455805352393611,-73.12586574689716,0,0,0
2596,-0,-1.455805352393611,-73.12586574689716,0,0,0
2598,-0,-1.455805352393611,-73.12586574689716,0,0,0
2600,-0,-1.455805352393611,-73.12586574689716,0,0,0
2602,-0,-1.455805352393611,-73.12586574689716,0,0,0
2604,-0,-1.455805352393611,-73.12586574689716,0,0,0
2606,-0,-1.455805352393611,-73.12586574689716,0,0,0
2608,-0,-1.455805352393611,-73.12586574689716,0,0,0
2610,-0,-1.455805352393611,-73.12586574689716,0,0,0
2612,-0,-1.455805352393611,-73.12586574689716,0,0,0
2614,-0,-1.455805352393611,-73.12586574689716,0,0,0
2616,-0,-1.455805352393611,-73.12586574689716,0,0,0
2618,-0,-1.455805352393611,-73.12586574689716,0,0,0
2620,-0,-1.455805352393611,-73.12586574689716,0,0,0
2622,-0,-1.455805352393611,-73.12586574689716,0,0,0
2624,-0,-1.455805352393611,-73.12586574689716,0,0,0
2626,-0,-1.455805352393611,-73.12586574689716,0,0,0
2628,-0,-1.455805352393611,-73.12586574689716,0,0,0
2630,-0,-1.455805352393611,-73.12586574689716,0,0,0
2632,-0,-1.455805352393611,-73.12586574689716,0,0,0
2634,-0,-1.455805352393611,-73.12586574689716,0,0,0
2636,-0,-1.455805352393611,-73.12586574689716,0,0,0
2638,-0,-1.455805352393611,-73.12586574689716,0,0,0
2640,-0,-1.455805352393611,-73.12586574689716,0,0,0
2642,-0,-1.455805352393611,-73.12586574689716,0,0,0
2644,-0,-1.455805352393611,-73.12586574689716,0,0,0
2646,-0,-1.455805352393611,-73.12586574689716,0,0,0
2648,-0,-1.455805352393611,-73.12586574689716,0,0,0
2650,-0,-1.455805352393611,-73.12586574689716,0,0,0
2652,-0,-1.455805352393611,-73.12586574689716,0,0,0
2654,-0,-1.455805352393611,-73.12586574689716,0,0,0
2656,-0,-1.455805352393611,-73.12586574689716,0,0,0
2658,-0,-1.455805352393611,-73.12586574689716,0,0,0
2660,-0,-1.455805352393611,-73.12586574689716,0,0,0
2662,-0,-1.455805352393611,-73.12586574689716,0,0,0
2664,-0,-1.455805352393611,-73.12586574689716,0,0,0
2666,-0,-1.455805352393611,-73.12586574689716,0,0,0
2668,-0,-1.455805352393611,-73.12586574689716,0,0,0
2670,-0,-1.455805352393611,-73.12586574689716,0,0,0
2672,-0,-1.455805352393611,-73.12586574689716,0,0,0
2674,-0,-1.455805352393611,-73.12586574689716,0,0,0
2676,-0,-1.455805352393611,-73.12586574689716,0,0,0
2678,-0,-1.455805352393611,-73.12586574689716,0,0,0
2680,-0,-1.455805352393611,-73.12586574689716,0,0,0
2682,-0,-1.455805352393611,-73.12586574689716,0,0,0
2684,-0,-1.455805352393611,-73.12586574689716,0,0,0
2686,-0,-1.455805352393611,-73.12586574689716,0,0,0
2688,-0,-1.455805352393611,-73.12586574689716,0,0,0
2690,-0,-1.455805352393611,-73.12586574689716,0,0,0
2692,-0,-1.455805352393611,-73.12586574689716,0,0,0
2694,-0,-1.455805352393611,-73.12586574689716,0,0,0
2696,-0,-1.455805352393611,-73.12586574689716,0,0,0
2698,-0,-1.455805352393611,-73.12586574689716,0,0,0
2700,-0,-1.455805352393611,-73.12586574689716,0,0,0
2702,-0,-1.455805352393611,-73.12586574689716,0,0,0
2704,-0,-1.455805352393611,-73.12586574689716,0,0,0
2706,-0,-1.455805352393611,-73.12586574689716,0,0,0
2708,-0,-1.455805352393611,-73.12586574689716,0,0,0
2710,-0,-1.455805352393611,-73.12586574689716,0,0,0
2712,-0,-1.455805352393611,-73.12586574689716,0,0,0
2714,-0,-1.455805352393611,-73.12586574689716,0,0,0
2716,-0,-1.455805352393611,-73.12586574689716,0,0,0
2718,-0,-1.455805352393611,-73.12586574689716,0,0,0
2720,-0,-1.455805352393611,-73.12586574689716,0,0,0
2722,-0,-1.455805352393611,-73.12586574689716,0,0,0
2724,-0,-1.455805352393611,-73.12586574689716,0,0,0
2726,-0,-1.455805352393611,-73.12586574689716,0,0,0
2728,-0,-1.455805352393611,-73.12586574689716,0,0,0
2730,-0,-1.455805352393611,-73.12586574689716,0,0,0
2732,-0,-1.455805352393611,-73.12586574689716,0,0,0
2734,-0,-1.455805352393611,-73.12586574689716,0,0,0
2736,-0,-1.455805352393611,-73.12586574689716,0,0,0
2738,-0,-1.455805352393611,-73.12586574689716,0,0,0
2740,-0,-1.455805352393611,-73.12586574689716,0,0,0
2742,-0,-1.455805352393611,-73.12586574689716,0,0,0
2744,-0,-1.455805352393611,-73.12586574689716,0,0,0
2746,-0,-1.455805352393611,-73.12586574689716,0,0,0
2748,-0,-1.455805352393611,-73.12586574689716,0,0,0
2750,-0,-1.455805352393611,-73.12586574689716,0,0,0
2752,-0,-1.455805352393611,-73.12586574689716,0,0,0
2754,-0,-1.455805352393611,-73.12586574689716,0,0,0
2756,-0,-1.455805352393611,-73.12586574689716,0,0,0
2758,-0,-1.455805352393611,-73.12586574689716,0,0,0
2760,-0,-1.455805352393611,-73.12586574689716,0,0,0
2762,-0,-1.455805352393611,-73.12586574689716,0,0,0
2764,-0,-1.455805352393611,-73.12586574689716,0,0,0
2766,-0,-1.455805352393611,-73.12586574689716,0,0,0
2768,-0,-1.455805352393611,-73.12586574689716,0,0,0
2770,-0,-1.455805352393611,-73.12586574689716,0,0,0
2772,-0,-1.455805352393611,-73.12586574689716,0,0,0
2774,-0,-1.455805352393611,-73.12586574689716,0,0,0
2776,-0,-1.455805352393611,-73.12586574689716,0,0,0
2778,-0,-1.455805352393611,-73.12586574689716,0,0,0
2780,-0,-1.455805352393611,-73.12586574689716,0,0,0
2782,-0,-1.455805352393611,-73.12586574689716,0,0,0
2784,-0,-1.455805352393611,-73.12586574689716,0,0,0
2786,-0,-1.455805352393611,-73.12586574689716,0,0,0
2788,-0,-1.455805352393611,-73.12586574689716,0,0,0
2790,-0,-1.455805352393611,-73.12586574689716,0,0,0
2792,-0,-1.455805352393611,-73.12586574689716,0,0,0
2794,-0,-1.455805352393611,-73.12586574689716,0,0,0
2796,-0,-1.455805352393611,-73.12586574689716,0,0,0
2798,-0,-1.455805352393611,-73.12586574689716,0,0,0
2800,-0,-1.455805352393611,-73.12586574689716,0,0,0
2802,-0,-1.455805352393611,-73.12586574689716,0,0,0
2804,-0,-1.455805352393611,-73.12586574689716,0,0,0
2806,-0,-1.455805352393611,-73.12586574689716,0,0,0
2808,-0,-1.455805352393611,-73.12586574689716,0,0,0
2810,-0,-1.455805352393611,-73.12586574689716,0,0,0
2812,-0,-1.455805352393611,-73.12586574689716,0,0,0
2814,-0,-1.455805352393611,-73.12586574689716,0,0,0
2816,-0,-1.455805352393611,-73.12586574689716,0,0,0
2818,-0,-1.455805352393611,-73.12586574689716,0,0,0
2820,-0,-1.455805352393611,-73.12586574689716,0,0,0
2822,-0,-1.455805352393611,-73.12586574689716,0,0,0
2824,-0,-1.455805352393611,-73.12586574689716,0,0,0
2826,-0,-1.455805352393611,-73.12586574689716,0,0,0
2828,-0,-1.455805352393611,-73.12586574689716,0,0,0
2830,-0,-1.455805352393611,-73.12586574689716,0,0,0
2832,-0,-1.455805352393611,-73.12586574689716,0,0,0
2834,-0,-1.455805352393611,-73.12586574689716,0,0,0
2836,-0,-1.455805352393611,-73.12586574689716,0,0,0
2838,-0,-1.455805352393611,-73.12586574689716,0,0,0
2840,-0,-1.455805352393611,-73.12586574689716,0,0,0
2842,-0,-1.455805352393611,-73.12586574689716,0,0,0
2844,-0,-1.455805352393611,-73.12586574689716,0,0,0
2846,-0,-1.455805352393611,-73.12586574689716,0,0,0
2848,-0,-1.455805352393611,-73.12586574689716,0,0,0
2850,-0,-1.455805352393611,-73.12586574689716,0,0,0
2852,-0,-1.455805352393611,-73.12586574689716,0,0,0
2854,-0,-1.455805352393611,-73.12586574689716,0,0,0
2856,-0,-1.455805352393611,-73.12586574689716,0,0,0
2858,-0,-1.455805352393611,-73.12586574689716,0,0,0
2860,-0,-1.455805352393611,-73.12586574689716,0,0,0
2862,-0,-1.455805352393611,-73.12586574689716,0,0,0
2864,-0,-1.455805352393611,-73.12586574689716,0,0,0
2866,-0,-1.455805352393611,-73.12586574689716,0,0,0
2868,-0,-1.455805352393611,-73.12586574689716,0,0,0
2870,-0,-1.455805352393611,-73.12586574689716,0,0,0
2872,-0,-1.455805352393611,-73.12586574689716,0,0,0
2874,-0,-1.455805352393611,-73.12586574689716,0,0,0
2876,-0,-1.455805352393611,-73.12586574689716,0,0,0
2878,-0,-1.455805352393611,-73.12586574689716,0,0,0
2880,-0,-1.455805352393611,-73.12586574689716,0,0,0
2882,-0,-1.455805352393611,-73.12586574689716,0,0,0
2884,-0,-1.455805352393611,-73.12586574689716,0,0,0
2886,-0,-1.455805352393611,-73.12586574689716,0,0,0
2888,-0,-1.455805352393611,-73.12586574689716,0,0,0
2890,-0,-1.455805352393611,-73.12586574689716,0,0,0
2892,-0,-1.455805352393611,-73.12586574689716,0,0,0
2894,-0,-1.455805352393611,-73.12586574689716,0,0,0
2896,-0,-1.455805352393611,-73.12586574689716,0,0,0
2898,-0,-1.455805352393611,-73.12586574689716,0,0,0
2900,-0,-1.455805352393611,-73.12586574689716,0,0,0
2902,-0,-1.455805352393611,-73.12586574689716,0,0,0
2904,-0,-1.455805352393611,-73.12586574689716,0,0,0
2906,-0,-1.455805352393611,-73.12586574689716,0,0,0
2908,-0,-1.455805352393611,-73.12586574689716,0,0,0
2910,-0,-1.455805352393611,-73.12586574689716,0,0,0
2912,-0,-1.455805352393611,-73.12586574689716,0,0,0
2914,-0,-1.455805352393611,-73.12586574689716,0,0,0
2916,-0,-1.455805352393611,-73.12586574689716,0,0,0
2918,-0,-1.455805352393611,-73.12586574689716,0,0,0
2920,-0,-1.455805352393611,-73.12586574689716,0,0,0
2922,-0,-1.455805352393611,-73.12586574689716,0,0,0
2924,-0,-1.455805352393611,-73.12586574689716,0,0,0
2926,-0,-1.455805352393611,-73.12586574689716,0,0,0
2928,-0,-1.455805352393611,-73.12586574689716,0,0,0
2930,-0,-1.455805352393611,-73.12586574689716,0,0,0
2932,-0,-1.455805352393611,-73.12586574689716,0,0,0
2934,-0,-1.455805352393611,-73.12586574689716,0,0,0
2936,-0,-1.455805352393611,-73.12586574689716,0,0,0
2938,-0,-1.455805352393611,-73.12586574689716,0,0,0
2940,-0,-1.455805352393611,-73.12586574689716,0,0,0
2942,-0,-1.455805352393611,-73.12586574689716,0,0,0
2944,-0,-1.455805352393611,-73.12586574689716,0,0,0
2946,-0,-1.455805352393611,-73.12586574689716,0,0,0
2948,-0,-1.455805352393611,-73.12586574689716,0,0,0
2950,-0,-1.455805352393611,-73.12586574689716,0,0,0
2952,-0,-1.455805352393611,-73.12586574689716,0,0,0
2954,-0,-1.455805352393611,-73.12586574689716,0,0,0
2956,-0,-1.455805352393611,-73.12586574689716,0,0,0
2958,-0,-1.455805352393611,-73.12586574689716,0,0,0
2960,-0,-1.455805352393611,-73.12586574689716,0,0,0
2962,-0,-1.455805352393611,-73.12586574689716,0,0,0
2964,-0,-1.455805352393611,-73.12586574689716,0,0,0
2966,-0,-1.455805352393611,-73.12586574689716,0,0,0
2968,-0,-1.455805352393611,-73.12586574689716,0,0,0
2970,-0,-1.455805352393611,-73.12586574689716,0,0,0
2972,-0,-1.455805352393611,-73.12586574689716,0,0,0
2974,-0,-1.455805352393611,-73.12586574689716,0,0,0
2976,-0,-1.455805352393611,-73.12586574689716,0,0,0
2978,-0,-1.455805352393611,-73.12586574689716,0,0,0
2980,-0,-1.455805352393611,-73.12586574689716,0,0,0
2982,-0,-1.455805352393611,-73.12586574689716,0,0,0
2984,-0,-1.455805352393611,-73.12586574689716,0,0,0
2986,-0,-1.455805352393611,-73.12586574689716,0,0,0
2988,-0,-1.455805352393611,-73.12586574689716,0,0,0
2990,-0,-1.455805352393611,-73.12586574689716,0,0,0
2992,-0,-1.455805352393611,-73.12586574689716,0,0,0
2994,-0,-1.455805352393611,-73.12586574689716,0,0,0
2996,-0,-1.455805352393611,-73.12586574689716,0,0,0
2998,-0,-1.455805352393611,-73.12586574689716,0,0,0
3000,-0,-1.455805352393611,-73.12586574689716,0,0,0
3002,-0,-1.455805352393611,-73.12586574689716,0,0,0
3004,-0,-1.455805352393611,-73.12586574689716,0,0,0
3006,-0,-1.455805352393611,-73.12586574689716,0,0,0
3008,-0,-1.455805352393611,-73.12586574689716,0,0,0
3010,-0,-1.455805352393611,-73.12586574689716,0,0,0
3012,-0,-1.455805352393611,-73.12586574689716,0,0,0
3014,-0,-1.455805352393611,-73.12586574689716,0,0,0
3016,-0,-1.455805352393611,-73.12586574689716,0,0,0
3018,-0,-1.455805352393611,-73.12586574689716,0,0,0
3020,-0,-1.455805352393611,-73.12586574689716,0,0,0
3022,-0,-1.455805352393611,-73.12586574689716,0,0,0
3024,-0,-1.455805352393611,-73.12586574689716,0,0,0
3026,-0,-1.455805352393611,-73.12586574689716,0,0,0
3028,-0,-1.455805352393611,-73.12586574689716,0,0,0
3030,-0,-1.455805352393611,-73.12586574689716,0,0,0
3032,-0,-1.455805352393611,-73.12586574689716,0,0,0
3034,-0,-1.455805352393611,-73.12586574689716,0,0,0
3036,-0,-1.455805352393611,-73.12586574689716,0,0,0
3038,-0,-1.455805352393611,-73.12586574689716,0,0,0
3040,-0,-1.455805352393611,-73.12586574689716,0,0,0
3042,-0,-1.455805352393611,-73.12586574689716,0,0,0
3044,-0,-1.455805352393611,-73.12586574689716,0,0,0
3046,-0,-1.455805352393611,-73.12586574689716,0,0,0
3048,-0,-1.455805352393611,-73.12586574689716,0,0,0
3050,-0,-1.455805352393611,-73.12586574689716,0,0,0
3052,-0,-1.455805352393611,-73.12586574689716,0,0,0
3054,-0,-1.455805352393611,-73.12586574689716,0,0,0
3056,-0,-1.455805352393611,-73.12586574689716,0,0,0
3058,-0,-1.455805352393611,-73.12586574689716,0,0,0
3060,-0,-1.455805352393611,-73.12586574689716,0,0,0
3062,-0,-1.455805352393611,-73.12586574689716,0,0,0
3064,-0,-1.455805352393611,-73.12586574689716,0,0,0
3066,-0,-1.455805352393611,-73.12586574689716,0,0,0
3068,-0,-1.455805352393611,-73.12586574689716,0,0,0
3070,-0,-1.455805352393611,-73.12586574689716,0,0,0
3072,-0,-1.455805352393611,-73.12586574689716,0,0,0
3074,-0,-1.455805352393611,-73.12586574689716,0,0,0
3076,-0,-1.455805352393611,-73.12586574689716,0,0,0
3078,-0,-1.455805352393611,-73.12586574689716,0,0,0
3080,-0,-1.455805352393611,-73.12586574689716,0,0,0
3082,-0,-1.455805352393611,-73.12586574689716,0,0,0
3084,-0,-1.455805352393611,-73.12586574689716,0,0,0
3086,-0,-1.455805352393611,-73.12586574689716,0,0,0
3088,-0,-1.455805352393611,-73.12586574689716,0,0,0
3090,-0,-1.455805352393611,-73.12586574689716,0,0,0
3092,-0,-1.455805352393611,-73.12586574689716,0,0,0
3094,-0,-1.455805352393611,-73.12586574689716,0,0,0
3096,-0,-1.455805352393611,-73.12586574689716,0,0,0
3098,-0,-1.455805352393611,-73.12586574689716,0,0,0
3100,-0,-1.455805352393611,-73.12586574689716,0,0,0
3102,-0,-1.455805352393611,-73.12586574689716,0,0,0
3104,-0,-1.455805352393611,-73.12586574689716,0,0,0
3106,-0,-1.455805352393611,-73.12586574689716,0,0,0
3108,-0,-1.455805352393611,-73.12586574689716,0,0,0
3110,-0,-1.455805352393611,-73.12586574689716,0,0,0
3112,-0,-1.455805352393611,-73.12586574689716,0,0,0
3114,-0,-1.455805352393611,-73.12586574689716,0,0,0
3116,-0,-1.455805352393611,-73.12586574689716,0,0,0
3118,-0,-1.455805352393611,-73.12586574689716,0,0,0
3120,-0,-1.455805352393611,-73.12586574689716,0,0,0
3122,-0,-1.455805352393611,-73.12586574689716,0,0,0
3124,-0,-1.455805352393611,-73.12586574689716,0,0,0
3126,-0,-1.455805352393611,-73.12586574689716,0,0,0
3128,-0,-1.455805352393611,-73.12586574689716,0,0,0
3130,-0,-1.455805352393611,-73.12586574689716,0,0,0
3132,-0,-1.455805352393611,-73.12586574689716,0,0,0
3134,-0,-1.455805352393611,-73.12586574689716,0,0,0
3136,-0,-1.455805352393611,-73.12586574689716,0,0,0
3138,-0,-1.455805352393611,-73.12586574689716,0,0,0
3140,-0,-1.455805352393611,-73.12586574689716,0,0,0
3142,-0,-1.455805352393611,-73.12586574689716,0,0,0
3144,-0,-1.455805352393611,-73.12586574689716,0,0,0
3146,-0,-1.455805352393611,-73.12586574689716,0,0,0
3148,-0,-1.455805352393611,-73.12586574689716,0,0,0
3150,-0,-1.455805352393611,-73.12586574689716,0,0,0
3152,-0,-1.455805352393611,-73.12586574689716,0,0,0
3154,-0,-1.455805352393611,-73.12586574689716,0,0,0
3156,-0,-1.455805352393611,-73.12586574689716,0,0,0
3158,-0,-1.455805352393611,-73.12586574689716,0,0,0
3160,-0,-1.455805352393611,-73.12586574689716,0,0,0
3162,-0,-1.455805352393611,-73.12586574689716,0,0,0
3164,-0,-1.455805352393611,-73.12586574689716,0,0,0
3166,-0,-1.455805352393611,-73.12586574689716,0,0,0
3168,-0,-1.455805352393611,-73.12586574689716,0,0,0
3170,-0,-1.455805352393611,-73.12586574689716,0,0,0
3172,-0,-1.455805352393611,-73.12586574689716,0,0,0
3174,-0,-1.455805352393611,-73.12586574689716,0,0,0
3176,-0,-1.455805352393611,-73.12586574689716,0,0,0
3178,-0,-1.455805352393611,-73.12586574689716,0,0,0
3180,-0,-1.455805352393611,-73.12586574689716,0,0,0
3182,-0,-1.455805352393611,-73.12586574689716,0,0,0
3184,-0,-1.455805352393611,-73.12586574689716,0,0,0
3186,-0,-1.455805352393611,-73.12586574689716,0,0,0
3188,-0,-1.455805352393611,-73.12586574689716,0,0,0
3190,-0,-1.455805352393611,-73.12586574689716,0,0,0
3192,-0,-1.455805352393611,-73.12586574689716,0,0,0
3194,-0,-1.455805352393611,-73.12586574689716,0,0,0
3196,-0,-1.455805352393611,-73.12586574689716,0,0,0
3198,-0,-1.455805352393611,-73.12586574689716,0,0,0
3200,-0,-1.455805352393611,-73.12586574689716,0,0,0
3202,-0,-1.455805352393611,-73.12586574689716,0,0,0
3204,-0,-1.455805352393611,-73.12586574689716,0,0,0
3206,-0,-1.455805352393611,-73.12586574689716,0,0,0
3208,-0,-1.455805352393611,-73.12586574689716,0,0,0
3210,-0,-1.455805352393611,-73.12586574689716,0,0,0
3212,-0,-1.455805352393611,-73.12586574689716,0,0,0
3214,-0,-1.455805352393611,-73.12586574689716,0,0,0
3216,-0,-1.455805352393611,-73.12586574689716,0,0,0
3218,-0,-1.455805352393611,-73.12586574689716,0,0,0
3220,-0,-1.455805352393611,-73.12586574689716,0,0,0
3222,-0,-1.455805352393611,-73.12586574689716,0,0,0
3224,-0,-1.455805352393611,-73.12586574689716,0,0,0
3226,-0,-1.455805352393611,-73.12586574689716,0,0,0
3228,-0,-1.455805352393611,-73.12586574689716,0,0,0
3230,-0,-1.455805352393611,-73.12586574689716,0,0,0
3232,-0,-1.455805352393611,-73.12586574689716,0,0,0
3234,-0,-1.455805352393611,-73.12586574689716,0,0,0
3236,-0,-1.455805352393611,-73.12586574689716,0,0,0
3238,-0,-1.455805352393611,-73.12586574689716,0,0,0
3240,-0,-1.455805352393611,-73.12586574689716,0,0,0
3242,-0,-1.455805352393611,-73.12586574689716,0,0,0
3244,-0,-1.455805352393611,-73.12586574689716,0,0,0
3246,-0,-1.455805352393611,-73.12586574689716,0,0,0
3248,-0,-1.455805352393611,-73.12586574689716,0,0,0
3250,-0,-1.455805352393611,-73.12586574689716,0,0,0
3252,-0,-1.455805352393611,-73.12586574689716,0,0,0
3254,-0,-1.455805352393611,-73.12586574689716,0,0,0
3256,-0,-1.455805352393611,-73.12586574689716,0,0,0
3258,-0,-1.455805352393611,-73.12586574689716,0,0,0
3260,-0,-1.455805352393611,-73.12586574689716,0,0,0
3262,-0,-1.455805352393611,-73.12586574689716,0,0,0
3264,-0,-1.455805352393611,-73.12586574689716,0,0,0
3266,-0,-1.455805352393611,-73.12586574689716,0,0,0
3268,-0,-1.455805352393611,-73.12586574689716,0,0,0
3270,-0,-1.455805352393611,-73.12586574689716,0,0,0
3272,-0,-1.455805352393611,-73.12586574689716,0,0,0
3274,-0,-1.455805352393611,-73.12586574689716,0,0,0
3276,-0,-1.455805352393611,-73.12586574689716,0,0,0
3278,-0,-1.455805352393611,-73.12586574689716,0,0,0
3280,-0,-1.455805352393611,-73.12586574689716,0,0,0
3282,-0,-1.455805352393611,-73.12586574689716,0,0,0
3284,-0,-1.455805352393611,-73.12586574689716,0,0,0
3286,-0,-1.455805352393611,-73.12586574689716,0,0,0
3288,-0,-1.455805352393611,-73.12586574689716,0,0,0
3290,-0,-1.455805352393611,-73.12586574689716,0,0,0
3292,-0,-1.455805352393611,-73.12586574689716,0,0,0
3294,-0,-1.455805352393611,-73.12586574689716,0,0,0
3296,-0,-1.455805352393611,-73.12586574689716,0,0,0
3298,-0,-1.455805352393611,-73.12586574689716,0,0,0
3300,-0,-1.455805352393611,-73.12586574689716,0,0,0
3302,-0,-1.455805352393611,-73.12586574689716,0,0,0
3304,-0,-1.455805352393611,-73.12586574689716,0,0,0
3306,-0,-1.455805352393611,-73.12586574689716,0,0,0
3308,-0,-1.455805352393611,-73.12586574689716,0,0,0
3310,-0,-1.455805352393611,-73.12586574689716,0,0,0
3312,-0,-1.455805352393611,-73.12586574689716,0,0,0
3314,-0,-1.455805352393611,-73.12586574689716,0,0,0
3316,-0,-1.455805352393611,-73.12586574689716,0,0,0
3318,-0,-1.455805352393611,-73.12586574689716,0,0,0
3320,-0,-1.455805352393611,-73.12586574689716,0,0,0
3322,-0,-1.455805352393611,-73.12586574689716,0,0,0
3324,-0,-1.455805352393611,-73.12586574689716,0,0,0
3326,-0,-1.455805352393611,-73.12586574689716,0,0,0
3328,-0,-1.455805352393611,-73.12586574689716,0,0,0
3330,-0,-1.455805352393611,-73.12586574689716,0,0,0
3332,-0,-1.455805352393611,-73.12586574689716,0,0,0
3334,-0,-1.455805352393611,-73.12586574689716,0,0,0
3336,-0,-1.455805352393611,-73.12586574689716,0,0,0
3338,-0,-1.455805352393611,-73.12586574689716,0,0,0
3340,-0,-1.455805352393611,-73.12586574689716,0,0,0
3342,-0,-1.455805352393611,-73.12586574689716,0,0,0
3344,-0,-1.455805352393611,-73.12586574689716,0,0,0
3346,-0,-1.455805352393611,-73.12586574689716,0,0,0
3348,-0,-1.455805352393611,-73.12586574689716,0,0,0
3350,-0,-1.455805352393611,-73.12586574689716,0,0,0
3352,-0,-1.455805352393611,-73.12586574689716,0,0,0
3354,-0,-1.455805352393611,-73.12586574689716,0,0,0
3356,-0,-1.455805352393611,-73.12586574689716,0,0,0
3358,-0,-1.455805352393611,-73.12586574689716,0,0,0
3360,-0,-1.455805352393611,-73.12586574689716,0,0,0
3362,-0,-1.455805352393611,-73.12586574689716,0,0,0
3364,-0,-1.455805352393611,-73.12586574689716,0,0,0
3366,-0,-1.455805352393611,-73.12586574689716,0,0,0
3368,-0,-1.455805352393611,-73.12586574689716,0,0,0
3370,-0,-1.455805352393611,-73.12586574689716,0,0,0
3372,-0,-1.455805352393611,-73.12586574689716,0,0,0
3374,-0,-1.455805352393611,-73.12586574689716,0,0,0
3376,-0,-1.455805352393611,-73.12586574689716,0,0,0
3378,-0,-1.455805352393611,-73.12586574689716,0,0,0
3380,-0,-1.455805352393611,-73.12586574689716,0,0,0
3382,-0,-1.455805352393611,-73.12586574689716,0,0,0
3384,-0,-1.455805352393611,-73.12586574689716,0,0,0
3386,-0,-1.455805352393611,-73.12586574689716,0,0,0
3388,-0,-1.455805352393611,-73.12586574689716,0,0,0
3390,-0,-1.455805352393611,-73.12586574689716,0,0,0
3392,-0,-1.455805352393611,-73.12586574689716,0,0,0
3394,-0,-1.455805352393611,-73.12586574689716,0,0,0
3396,-0,-1.455805352393611,-73.12586574689716,0,0,0
3398,-0,-1.455805352393611,-73.12586574689716,0,0,0
3400,-0,-1.455805352393611,-73.12586574689716,0,0,0
3402,-0,-1.455805352393611,-73.12586574689716,0,0,0
3404,-0,-1.455805352393611,-73.12586574689716,0,0,0
3406,-0,-1.455805352393611,-73.12586574689716,0,0,0
3408,-0,-1.455805352393611,-73.12586574689716,0,0,0
3410,-0,-1.455805352393611,-73.12586574689716,0,0,0
3412,-0,-1.455805352393611,-73.12586574689716,0,0,0
3414,-0,-1.455805352393611,-73.12586574689716,0,0,0
3416,-0,-1.455805352393611,-73.12586574689716,0,0,0
3418,-0,-1.455805352393611,-73.12586574689716,0,0,0
3420,-0,-1.455805352393611,-73.12586574689716,0,0,0
3422,-0,-1.455805352393611,-73.12586574689716,0,0,0
3424,-0,-1.455805352393611,-73.12586574689716,0,0,0
3426,-0,-1.455805352393611,-73.12586574689716,0,0,0
3428,-0,-1.455805352393611,-73.12586574689716,0,0,0
3430,-0,-1.455805352393611,-73.12586574689716,0,0,0
3432,-0,-1.455805352393611,-73.12586574689716,0,0,0
3434,-0,-1.455805352393611,-73.12586574689716,0,0,0
3436,-0,-1.455805352393611,-73.12586574689716,0,0,0
3438,-0,-1.455805352393611,-73.12586574689716,0,0,0
3440,-0,-1.455805352393611,-73.12586574689716,0,0,0
3442,-0,-1.455805352393611,-73.12586574689716,0,0,0
3444,-0,-1.455805352393611,-73.12586574689716,0,0,0
3446,-0,-1.455805352393611,-73.12586574689716,0,0,0
3448,-0,-1.455805352393611,-73.12586574689716,0,0,0
3450,-0,-1.455805352393611,-73.12586574689716,0,0,0
